answer,pySATEN2,rVAD,inaSpeechSegmenter,Silero_vad,WhisperX
2.2,2.165,2.09,2.0,2.2,2.174
4.3234391,4.340000000000001,4.39,4.58,4.4,4.402
1.566259,1.525,1.4000000000000001,1.3,1.5,1.533
3.951837,3.9099999999999997,3.9,4.0,4.0,4.199
2.250014,2.22,2.16,,2.2,2.225
4.53606,4.470000000000001,4.47,,4.7,4.739
1.015,1.015,0.93,,1.1,1.043
2.2126505,2.23,2.29,,2.3,2.41
1.963846,1.945,1.87,,2.0,1.955
3.448247,3.44,3.49,,3.6,3.608
2.024333,2.0100000000000002,1.93,,2.1,2.039
3.470833,3.5,3.5500000000000003,,3.6,3.541
1.85,1.835,1.82,1.6,1.8,1.853
4.3964355,4.425000000000001,4.48,4.5,4.5,4.503
1.956339,1.925,1.84,,1.9,1.938
5.3259,5.385000000000001,5.34,,5.5,5.667
1.937731,1.915,1.84,2.1,1.9,1.921
4.938391,4.970000000000001,4.93,4.0200000000000005,5.1,5.009
1.96,1.955,1.9000000000000001,1.8,2.0,1.972
8.4,8.19,8.42,8.32,8.4,8.57
2.708844,2.7550000000000003,2.71,2.58,2.8,2.798
10.995011,10.695,10.77,10.9,11.1,11.354
2.070676,2.0900000000000003,2.0100000000000002,1.94,2.1,2.123
10.202353,9.91,9.98,10.02,10.2,10.392
1.625,1.61,1.56,1.36,1.6,1.634
4.6046,4.630000000000001,4.05,4.72,4.7,4.672
1.660756,1.645,1.59,1.42,1.6,1.634
5.39677,5.11,5.18,5.34,5.4,5.684
1.789917,1.765,1.76,1.6400000000000001,1.8,0.031
5.348433,4.48,4.53,4.68,5.4,5.6
1.1900001,1.225,1.23,0.96,1.2,1.195
3.1793667,3.195,2.86,2.68,3.3,3.44
1.736054,1.71,1.62,1.5,1.7,1.718
4.315638,3.8,3.8000000000000003,3.56,4.1,4.452
1.837248,1.82,1.76,1.6400000000000001,1.9,1.82
4.239792,3.78,3.81,3.96,4.4,4.3
1.4349999,1.47,1.42,1.22,1.5,1.482
4.4019865,4.41,4.48,4.5,4.5,4.452
2.399546,2.45,2.41,2.2,2.5,2.461
6.288655,6.140000000000001,6.3,5.44,6.5,6.46
1.709398,1.73,1.69,1.58,1.7,1.735
5.289438,4.78,4.78,5.96,5.6,5.583
1.5864915,1.57,1.6400000000000001,1.62,1.6,1.617
4.6273593,4.65,4.72,4.74,4.8,4.925
2.411298,2.41,2.36,2.2800000000000002,2.5,2.444
6.180016,5.945,6.04,6.22,6.3,6.494
2.445606,2.4050000000000002,2.35,2.22,2.5,2.427
6.153171,5.92,5.89,7.1000000000000005,6.3,6.477
1.08,1.09,1.08,0.0,1.1,1.111
3.4918911,3.51,3.5700000000000003,3.74,3.7,3.693
1.533809,1.54,1.49,1.48,1.6,1.567
4.60495,4.630000000000001,4.68,4.68,4.8,4.807
2.581441,2.5900000000000003,2.5300000000000002,2.52,2.6,2.613
5.586945,5.57,5.51,5.0600000000000005,5.7,6.477
1.475,1.52,1.53,1.4000000000000001,1.6,1.55
5.2343672,5.265000000000001,5.3100000000000005,5.38,5.4,5.549
2.029966,2.0100000000000002,1.9000000000000001,1.84,2.0,2.022
7.543036,7.57,7.63,7.5200000000000005,7.7,7.642
2.143032,2.1050000000000004,2.06,1.98,2.2,2.157
6.477051,5.970000000000001,6.03,5.0200000000000005,6.6,6.95
1.1,1.095,1.06,,1.1,1.077
2.9456673,2.885,2.91,,3.0,2.984
1.850508,1.825,1.73,,1.8,1.837
4.288839,4.325,4.23,,4.4,4.368
1.885802,1.85,1.77,1.6,1.9,1.853
3.990556,3.5349999999999997,3.93,3.02,4.1,4.115
2.415,2.4600000000000004,2.59,2.22,2.5,2.444
5.4189398,5.465000000000001,5.1000000000000005,5.46,5.6,5.482
1.958346,1.985,1.93,1.74,2.0,1.988
6.027465,5.8100000000000005,5.86,5.9,6.2,6.241
2.070295,2.0850000000000004,2.08,1.84,2.1,2.09
5.824207,5.855,5.5200000000000005,6.82,5.8,5.768
1.73,1.725,1.72,1.74,1.8,1.769
6.3870437,6.41,6.5,6.5200000000000005,6.5,6.477
1.804241,1.785,1.77,1.6400000000000001,1.9,1.87
8.376729,8.139999999999999,8.46,8.38,8.5,8.671
2.446561,2.4450000000000003,2.44,2.3000000000000003,2.6,2.528
8.40975,8.155,8.24,9.200000000000001,8.5,8.89
1.765,1.75,1.74,1.5,1.7,1.752
4.5360445,4.545,4.57,4.66,4.5,4.503
2.182236,2.1500000000000004,2.09,1.92,2.2,2.14
5.785826,5.79,5.8500000000000005,5.82,5.8,5.903
2.275932,2.345,2.31,2.2,2.3,2.292
5.720184,4.8950000000000005,4.86,6.36,5.8,5.971
2.075,2.08,2.08,1.9000000000000001,2.1,2.073
5.1702525,5.2,5.17,5.36,5.3,5.313
2.039967,2.06,1.96,1.86,2.1,2.056
6.053487,6.055000000000001,6.03,5.92,6.1,6.342
2.252001,2.2500000000000004,2.25,2.14,2.3,2.258
6.091743,5.390000000000001,5.47,5.5,6.2,6.983
1.8379543,1.885,1.8800000000000001,1.74,1.9,1.853
5.1383339,5.175000000000001,5.05,5.26,5.3,5.228
2.048741,2.0900000000000003,2.07,1.94,2.1,2.107
6.366566,6.15,6.22,6.34,6.5,6.697
2.445317,2.4850000000000003,2.47,,2.5,2.41
6.730474,6.025,6.140000000000001,,6.7,7.658
1.325,1.295,1.31,1.12,1.3,1.33
3.7031087,3.685,3.63,4.62,3.8,3.693
2.128447,2.075,1.99,2.08,2.2,2.107
5.213152,4.805000000000001,5.24,5.0600000000000005,5.2,5.313
1.736259,1.72,1.73,1.94,1.7,1.718
4.711549,4.365,4.48,5.42,4.7,4.958
1.39,1.395,1.58,,1.4,1.398
2.9004262,2.875,2.83,,2.9,2.883
1.928258,1.9,1.81,1.6600000000000001,1.9,1.887
4.013098,3.995,3.67,4.0200000000000005,4.0,3.912
2.202095,2.1750000000000003,2.07,2.2800000000000002,2.2,2.157
4.123066,4.13,4.1,4.96,4.2,4.553
1.3049999,1.3,1.26,1.24,1.3,1.28
5.1813546,5.205,5.25,6.38,5.3,5.363
1.997205,1.9749999999999999,1.96,1.74,2.0,1.972
7.600439,7.170000000000001,7.3100000000000005,7.66,7.7,7.962
2.178198,2.1950000000000003,2.14,,2.2,2.14
7.162346,6.930000000000001,7.15,,7.2,7.979
0.9,0.88,0.78,0.0,0.9,0.908
2.7769152,2.78,2.86,3.74,2.9,3.001
2.18522,2.1300000000000003,2.02,,2.2,2.157
4.78481,4.765000000000001,4.7700000000000005,,4.9,4.942
1.950567,2.2300000000000004,1.85,,2.0,1.938
4.367341,4.3500000000000005,4.34,,4.5,4.672
1.365,1.385,1.37,1.6400000000000001,1.4,1.415
3.4682991,3.4299999999999997,3.46,4.22,3.5,3.44
2.367393,2.3400000000000003,2.27,2.2,2.4,2.393
5.000861,5.015000000000001,4.5,4.66,5.0,5.026
2.311792,2.305,2.22,,2.4,2.343
4.749206,4.720000000000001,4.3100000000000005,,4.8,4.79
1.47,1.47,1.47,1.22,1.5,1.482
4.8349688,4.840000000000001,4.71,4.64,5.0,5.009
2.445905,2.4000000000000004,2.35,2.18,2.4,2.427
6.895392,6.53,7.0200000000000005,6.72,7.0,7.22
2.030385,1.9949999999999999,2.0100000000000002,1.78,2.0,2.022
6.276291,5.955,6.28,6.0,6.3,6.494
1.465,1.5,1.49,1.34,1.5,1.516
5.8796773,5.875,5.82,6.82,5.9,5.819
2.234921,2.2150000000000003,2.25,2.0,2.2,2.275
8.40465,8.385,8.23,8.1,8.3,8.502
1.979271,2.015,2.0100000000000002,1.78,2.0,2.039
7.0839,6.7,6.91,7.6000000000000005,7.0,7.186
1.8099999,1.79,1.69,1.6400000000000001,1.8,1.803
5.0803254,5.075,5.09,5.2,5.1,5.06
2.291627,2.2600000000000002,2.16,2.1,2.3,2.275
7.138776,7.115,7.18,7.18,7.1,7.118
2.260898,2.615,2.5100000000000002,2.48,2.3,2.275
6.501636,6.170000000000001,6.07,7.36,6.5,6.713
1.6381163,1.65,1.69,1.46,1.7,1.668
5.3040329,5.3100000000000005,5.16,5.4,5.4,5.498
2.219771,2.33,2.29,2.16,2.4,2.343
7.11848,6.915,7.13,6.98,7.2,7.49
2.195011,2.5000000000000004,2.33,2.2600000000000002,2.3,2.225
6.790884,6.565,6.8,6.640000000000001,7.0,7.237
1.775,1.765,1.74,1.78,1.9,1.837
4.1527441,4.16,4.21,4.42,4.3,4.199
1.92494,1.95,1.92,1.92,2.0,2.022
5.3356,5.25,5.29,5.36,5.5,5.6
2.246113,2.2750000000000004,2.2600000000000002,2.94,2.4,2.343
5.381181,5.380000000000001,5.3100000000000005,6.46,5.6,5.752
1.9299999,1.905,1.98,1.7,1.9,1.921
4.294296,4.255,4.3,4.36,4.5,4.351
2.610613,2.5700000000000003,2.57,,2.6,2.562
6.638193,6.48,6.5600000000000005,,6.8,6.798
2.418487,2.41,2.4,2.7600000000000002,2.4,2.393
5.56661,5.470000000000001,5.49,6.6000000000000005,5.7,5.802
2.0550001,2.0500000000000003,2.02,2.38,2.0,2.039
5.6129491,5.390000000000001,5.32,4.96,5.8,5.752
2.294785,2.265,2.16,2.02,2.3,2.292
7.695427,7.695,7.18,6.640000000000001,7.8,7.777
2.567191,2.54,2.48,2.32,2.6,2.562
7.068706,7.04,7.09,7.76,7.2,7.777
1.23,1.225,1.33,0.0,1.2,1.212
3.5002176,3.505,3.5100000000000002,4.54,3.6,3.608
1.651247,1.62,1.55,1.36,1.6,1.634
4.790906,4.48,4.84,4.74,4.9,5.026
2.326516,2.49,2.42,2.2600000000000002,2.3,2.309
5.116211,4.82,5.14,6.0200000000000005,5.2,5.178
1.72,1.725,1.6400000000000001,1.82,1.8,1.769
3.8590933,3.875,3.93,4.04,4.0,3.963
2.149562,2.1300000000000003,2.05,,2.2,2.14
5.018486,4.805000000000001,5.0200000000000005,,5.2,6.123
2.8824,2.85,2.77,,2.9,2.9
5.539666,5.565,5.55,,5.7,5.667
1.7627375,1.75,1.68,1.58,1.8,1.769
6.4894607,6.49,6.13,7.58,6.7,6.73
2.359637,2.3150000000000004,2.22,4.1,2.3,2.343
9.249567,9.219999999999999,8.72,8.78,9.4,9.312
2.205881,2.1750000000000003,2.09,2.96,2.2,2.208
7.96214,7.355,7.88,7.54,8.1,8.198
1.89,1.95,2.08,2.6,2.0,1.972
4.7258906,4.7250000000000005,4.63,4.86,4.9,4.823
2.364626,2.3400000000000003,2.32,2.3000000000000003,2.4,2.444
6.094393,5.865,5.93,6.16,6.3,6.275
1.991022,2.0100000000000002,2.02,1.98,2.1,2.09
5.572336,5.36,5.43,6.4,5.8,5.971
1.0955007,1.24,1.23,1.1,1.2,1.162
2.9537163,2.9299999999999997,2.96,3.12,3.1,3.018
1.958804,1.985,1.99,1.8800000000000001,2.1,2.056
4.68052,4.665,4.44,4.3,4.8,4.756
2.453734,2.4400000000000004,2.5,2.38,2.6,2.461
4.760642,4.455,4.48,5.5200000000000005,4.9,4.958
1.135,1.105,1.1500000000000001,0.0,1.1,1.128
3.3178655,3.3249999999999997,3.21,4.14,3.5,3.406
1.988776,1.96,1.8900000000000001,2.6,2.0,1.972
4.888845,4.91,4.73,4.36,5.0,5.06
2.389472,2.37,2.37,2.1,2.4,2.36
5.27877,5.055000000000001,5.12,6.0,5.4,5.65
1.16,1.17,1.1400000000000001,0.0,1.2,1.229
4.2629326,4.295,4.12,4.42,4.4,4.385
2.079083,2.0650000000000004,2.04,1.92,2.2,2.157
6.215226,5.695,6.12,5.96,6.4,6.528
1.851001,1.875,1.87,1.7,2.0,1.938
5.545794,5.04,5.41,6.5200000000000005,5.7,5.735
1.735,1.725,1.72,1.62,1.7,1.752
3.5773773,3.6,3.6,3.64,3.6,3.659
2.34966,2.3000000000000003,2.21,2.1,2.3,2.326
4.806382,4.510000000000001,4.5600000000000005,4.68,5.0,4.857
2.074562,2.2100000000000004,2.05,2.1,2.0,2.056
4.290875,4.01,4.25,4.28,4.4,4.317
1.3049999,1.345,1.34,,1.3,1.313
3.6242837,3.6149999999999998,3.67,,3.8,3.743
1.945351,2.0300000000000002,1.94,1.78,2.0,2.022
5.098413,5.090000000000001,5.08,3.4,5.2,5.279
1.8284,1.805,1.86,,1.9,1.853
4.588686,4.4750000000000005,4.53,,4.7,4.739
2.27,2.2750000000000004,2.29,2.18,2.3,2.292
7.3271149,7.335,7.2,7.54,7.5,7.473
2.075057,2.1450000000000005,2.04,1.98,2.2,2.174
8.515646,8.334999999999999,8.42,7.76,8.6,8.688
1.879091,1.86,1.86,1.84,2.0,1.904
8.105381,7.880000000000001,8.1,8.8,8.2,8.35
1.465,1.46,1.3900000000000001,1.3800000000000001,1.5,1.465
4.155,4.15,4.18,4.22,4.2,4.081
2.197596,2.205,2.09,1.98,2.2,2.225
5.961451,5.8950000000000005,5.93,4.82,5.9,5.887
2.375576,2.365,2.25,3.6,2.4,2.343
5.737644,5.325,5.28,6.26,5.7,6.106
1.4400001,1.41,1.35,1.18,1.4,1.432
4.6182001,4.625,4.5,4.74,4.7,4.823
1.876671,1.845,1.77,1.6,1.9,1.853
6.014775,5.65,5.68,5.68,6.2,6.325
2.564749,2.5850000000000004,2.65,3.96,2.7,2.596
6.75541,6.355,6.49,7.66,6.8,7.253
1.635,1.64,1.6400000000000001,1.42,1.6,1.651
6.235,6.24,6.22,6.36,6.3,6.511
2.335324,2.305,2.24,2.06,2.3,2.309
9.024766,8.809999999999999,8.88,8.78,9.2,9.211
2.590185,2.575,2.58,2.38,2.6,2.562
8.829349,8.59,8.870000000000001,9.74,8.9,9.16
1.510442,1.51,1.58,1.34,1.6,1.533
5.5072015,5.025,4.95,5.6000000000000005,5.7,5.819
1.990355,1.985,2.0,1.8800000000000001,2.1,2.022
7.240396,6.885000000000001,7.04,7.24,7.4,7.49
2.387125,2.3750000000000004,2.38,2.4,2.5,2.41
7.932928,7.170000000000001,7.45,5.28,8.1,8.418
1.245,1.27,1.3,1.52,1.3,1.263
5.9457349,5.745,5.66,5.84,6.0,7.844
2.370882,2.3600000000000003,2.32,2.2,2.4,2.377
9.458439,9.084999999999999,9.0,8.700000000000001,9.2,9.481
2.205558,2.2150000000000003,2.29,3.12,2.3,2.275
8.637031,8.09,8.28,8.24,8.7,8.57
1.415,1.395,1.33,,1.4,1.415
2.9723123,2.9499999999999997,2.9,,3.1,3.018
2.239909,2.2100000000000004,2.11,1.96,2.2,2.208
4.354355,4.385000000000001,4.19,4.66,4.6,4.958
2.074294,2.0300000000000002,1.99,1.9000000000000001,2.1,2.056
4.035828,3.88,3.94,4.76,4.2,4.013
1.24,1.235,1.24,0.98,1.2,1.246
4.3822803,4.3500000000000005,4.15,4.6000000000000005,4.5,4.52
2.139093,2.115,2.1,2.04,2.1,2.123
6.487026,5.970000000000001,6.0600000000000005,5.64,6.6,6.545
2.241471,2.22,2.25,2.62,2.2,2.225
6.340705,5.95,6.0200000000000005,7.0200000000000005,6.4,6.73
1.352237,1.375,1.44,1.32,1.4,1.398
4.26,4.2700000000000005,4.25,4.3,4.4,4.283
2.180045,2.1900000000000004,2.17,2.08,2.3,2.208
6.091156,5.720000000000001,5.78,5.5200000000000005,6.2,6.224
2.152225,2.455,2.14,2.2,2.2,2.174
5.988853,5.7,6.0200000000000005,6.9,6.2,6.477
2.2249999,2.265,2.29,2.8000000000000003,2.4,2.258
6.5349793,6.49,6.47,6.68,6.6,6.629
2.256326,2.2300000000000004,2.23,2.1,2.3,2.309
7.899425,7.905,7.94,7.54,7.9,9.16
2.163562,2.47,2.36,2.2,2.3,2.191
7.92002,7.57,7.7700000000000005,8.6,8.0,8.468
1.9914409,1.97,1.97,1.78,2.0,2.005
4.0919601,4.095000000000001,3.77,4.12,4.2,4.081
2.419501,2.3550000000000004,2.27,2.3000000000000003,2.4,2.41
5.221182,5.21,5.07,4.0200000000000005,5.2,5.33
2.243487,2.22,2.22,2.44,2.2,2.242
5.073515,4.355,4.69,5.6000000000000005,5.1,5.06
1.585,1.625,1.6400000000000001,,1.6,1.617
2.9229079,2.8899999999999997,2.43,,2.9,2.967
2.209977,2.205,2.19,2.12,2.3,2.242
4.046177,4.0600000000000005,3.98,4.0200000000000005,4.1,3.912
2.241613,2.2350000000000003,2.36,2.2800000000000002,2.3,2.258
3.954626,3.94,3.74,4.9,4.0,3.912
1.54,1.57,1.56,1.78,1.6,1.567
5.3853559,5.41,5.18,5.64,5.5,5.633
1.717873,1.68,1.6,2.2,1.7,1.702
6.652934,6.58,6.62,6.74,6.8,6.747
1.809131,1.815,1.76,2.54,1.8,1.803
6.670986,5.37,6.54,7.46,6.8,6.663
2.045,2.0700000000000003,2.1,1.96,2.2,2.09
4.112499,4.08,3.71,4.2,4.1,4.081
1.953663,1.9800000000000002,1.9000000000000001,1.92,2.0,1.988
4.715056,4.73,4.39,4.16,4.7,4.857
1.50479,1.475,1.45,1.4000000000000001,1.5,1.516
4.211844,3.7849999999999997,3.8200000000000003,4.8,4.2,4.79
1.215,1.21,1.12,0.0,1.2,1.212
2.8524095,2.8499999999999996,2.86,3.04,3.0,3.102
1.921546,1.89,1.79,,1.9,1.887
4.045805,4.055000000000001,3.97,,4.2,4.148
1.879557,2.0850000000000004,1.8900000000000001,,1.9,1.853
3.848994,3.755,3.73,,3.9,3.862
1.6950001,1.695,1.61,1.54,1.7,1.702
5.7062069,5.695,5.64,5.8,5.7,5.684
1.775964,1.77,1.67,1.6600000000000001,1.8,1.735
7.906154,7.905,7.51,7.8,7.9,7.878
1.864662,1.84,1.75,2.0,1.9,1.82
7.152726,6.640000000000001,6.75,7.96,7.2,7.034
1.34,1.35,1.44,1.46,1.5,1.398
3.4094579,3.4299999999999997,3.46,3.54,3.5,3.44
1.932501,2.2550000000000003,1.9000000000000001,2.02,2.3,1.938
4.827088,4.840000000000001,4.61,4.86,4.8,4.975
1.487984,1.68,1.54,1.42,1.7,1.533
4.13337,4.125,3.48,4.76,4.2,4.79
1.3214286,1.31,1.35,1.06,1.3,1.33
6.4827994,6.090000000000001,6.08,6.6000000000000005,6.7,6.528
2.304762,2.2800000000000002,2.27,2.04,2.3,2.292
10.761067,10.18,10.120000000000001,9.700000000000001,10.9,11.118
1.770468,1.75,1.73,1.62,1.8,1.752
9.040035,8.305,8.39,7.9,9.1,9.076
2.2449999,2.2500000000000004,2.2,2.04,2.3,2.258
6.1081032,6.135000000000001,6.12,6.32,6.2,6.19
1.626221,1.655,1.61,1.46,1.7,1.685
7.032371,6.585,6.92,6.68,7.2,7.118
1.319849,1.33,1.33,1.1400000000000001,1.4,1.33
6.496286,6.28,6.33,7.1000000000000005,6.6,6.629
1.24,1.24,1.1400000000000001,1.12,1.2,1.229
3.7516804,3.775,3.84,3.96,3.9,3.912
2.122007,2.1100000000000003,2.04,,2.1,2.14
5.524705,5.245,5.62,,5.7,5.617
1.24672,1.25,1.18,1.12,1.2,1.28
4.556917,4.260000000000001,4.57,5.42,4.7,4.604
1.4450001,1.425,1.53,1.28,1.4,1.415
3.2837265,3.3049999999999997,3.0,3.48,3.5,3.372
1.82585,1.785,1.73,,1.8,1.82
4.274109,4.035,4.29,,4.5,4.3
2.056409,2.06,2.22,1.96,2.0,2.022
4.41818,3.8699999999999997,4.47,5.0600000000000005,4.6,5.093
2.1300001,2.14,2.14,2.04,2.2,2.157
5.4911035,5.5200000000000005,5.34,6.58,5.7,5.903
2.172706,2.1550000000000002,2.05,2.06,2.2,2.174
6.488859,6.275,6.5600000000000005,6.72,6.7,6.646
1.916253,1.92,1.8,1.68,1.9,1.921
6.138782,6.19,6.23,6.9,6.3,6.663
0.855,0.87,0.88,,0.9,0.858
2.3020225,2.31,2.35,,2.4,2.478
2.599327,2.5650000000000004,2.52,2.38,2.6,2.579
4.83947,4.7700000000000005,4.49,4.18,4.9,5.92
1.836073,1.815,1.74,,1.9,1.82
3.76383,3.79,3.88,,4.0,4.013
1.4421641,1.425,1.54,1.18,1.4,1.448
5.4103356,5.42,5.46,5.66,5.5,5.583
2.058163,2.02,1.99,1.98,2.0,2.039
8.858854,8.85,8.89,8.68,9.0,8.89
1.83542,2.665,1.8900000000000001,2.9,1.9,1.82
6.867174,6.86,6.890000000000001,7.46,7.0,7.473
0.95,0.945,0.99,0.0,1.0,1.01
4.435,4.430000000000001,4.15,4.62,4.5,6.815
1.957635,1.945,1.94,1.82,2.0,2.005
7.269218,7.23,6.8,6.2,7.4,7.49
1.202268,1.255,1.33,,1.4,1.263
5.98396,5.760000000000001,5.8100000000000005,,6.1,6.477
1.46,1.445,1.6300000000000001,,1.4,1.448
3.9906533,4.0200000000000005,4.01,,4.2,4.148
2.124835,2.12,2.0300000000000002,,2.1,2.14
6.081029,6.11,5.94,,6.2,6.443
1.743916,1.905,1.9100000000000001,,1.7,1.718
5.336461,4.285,4.36,,5.5,5.718
2.035,2.0850000000000004,2.07,2.0,2.1,2.073
4.6037674,4.630000000000001,4.47,4.5,4.7,4.672
2.293419,2.3000000000000003,2.2,2.2,2.3,2.326
5.706989,5.340000000000001,5.79,5.12,5.9,5.785
1.582303,1.78,1.69,,1.6,1.6
4.891017,4.585,4.92,,5.0,5.178
1.5312585,1.51,1.46,1.28,1.5,1.533
6.2005283,6.24,6.11,6.44,6.4,8.468
2.160216,2.1250000000000004,2.0300000000000002,1.8800000000000001,2.1,2.157
9.6275,9.41,9.52,9.64,9.8,9.768
2.616793,2.6300000000000003,2.85,3.2600000000000002,2.6,2.63
9.136622,8.879999999999999,9.16,9.76,9.3,9.802
1.615,1.6300000000000001,1.67,1.54,1.7,1.702
4.0383924,4.045,3.43,3.64,4.1,5.971
1.896344,1.8800000000000001,1.86,1.84,2.0,1.955
5.093062,4.6850000000000005,4.23,4.4,5.0,5.127
1.875958,1.91,1.9000000000000001,1.82,2.0,1.972
4.968121,4.065,4.14,4.34,5.0,5.482
1.58,1.555,1.53,1.32,1.6,1.567
3.864922,3.85,3.87,4.0,3.9,3.845
2.21782,2.1900000000000004,2.14,1.94,2.2,2.191
5.359834,5.36,5.34,5.38,5.4,5.482
2.348021,2.3400000000000003,2.35,2.3000000000000003,2.3,0.031
5.34619,5.335,5.3100000000000005,6.0600000000000005,5.4,6.089
1.8304603,1.825,1.85,1.6400000000000001,1.9,1.853
5.604345,5.615,5.5200000000000005,3.72,5.8,5.836
2.095238,2.0650000000000004,2.04,2.0,2.2,2.107
7.221629,6.74,6.95,7.0200000000000005,7.4,7.608
1.723118,1.71,1.6500000000000001,2.98,1.8,1.752
6.534091,5.840000000000001,5.96,7.3,6.7,7.034
2.01,2.0100000000000002,2.0100000000000002,1.9000000000000001,2.0,2.022
8.255,8.254999999999999,8.26,8.36,8.3,8.536
2.496083,2.49,2.4,2.32,2.5,2.495
11.638881,11.325,11.39,11.58,11.7,11.86
1.756519,2.095,1.71,2.2,1.8,1.702
9.518179,8.879999999999999,9.35,10.24,9.7,9.97
1.345,1.34,1.28,1.1400000000000001,1.3,1.347
6.941039,6.825,6.62,7.12,7.1,7.085
2.178571,2.1550000000000002,2.06,2.0,2.1,2.157
10.842443,10.855,10.47,10.66,11.0,11.978
2.148196,2.1250000000000004,2.11,2.08,2.1,2.14
9.528345,9.075,9.16,10.14,9.6,9.599
2.215,2.2350000000000003,2.2800000000000002,2.02,2.3,2.258
4.5948857,4.605,4.5600000000000005,4.76,4.7,4.756
2.323878,2.31,2.21,2.06,2.3,2.292
5.387579,5.415,5.45,5.04,5.5,5.617
2.226796,2.2100000000000004,2.19,2.0,2.2,2.191
5.357775,5.365,5.37,5.96,5.4,5.971
1.35,1.355,1.48,1.16,1.4,1.364
4.286247,4.285,4.11,4.5,4.4,4.469
1.472001,1.45,1.37,1.34,1.5,1.432
5.707594,5.74,5.46,5.96,5.9,5.87
1.562273,1.595,1.53,1.48,1.6,1.617
5.844895,5.825,5.45,6.3,5.9,6.258
1.125,1.11,1.08,0.0,1.1,1.111
3.2076771,3.225,3.15,3.18,3.2,3.288
1.807988,1.785,1.72,1.58,1.8,1.803
4.644444,4.67,4.7,4.68,4.8,4.722
1.273098,1.575,1.46,1.58,1.2,1.246
4.016051,3.94,3.83,4.6000000000000005,4.1,4.368
1.7,1.765,1.75,1.5,1.8,1.735
4.5682406,4.555000000000001,4.59,4.82,4.7,4.672
1.805547,1.805,1.84,1.72,1.9,1.837
5.763318,5.715000000000001,5.7700000000000005,5.9,5.9,5.903
1.982777,2.0250000000000004,2.05,1.84,2.1,2.039
5.738157,5.2700000000000005,5.15,6.46,5.9,6.477
2.21,2.1950000000000003,2.21,1.96,2.2,2.208
5.243804,5.265000000000001,5.12,5.32,5.4,5.347
1.808078,1.77,1.74,1.54,1.8,1.769
5.667979,5.385000000000001,5.47,5.36,5.8,5.988
1.842236,1.825,1.74,1.56,1.8,1.837
5.577592,5.305000000000001,5.53,6.22,5.7,5.583
1.95,1.9949999999999999,2.0,1.8,2.0,1.988
7.2435715,7.265000000000001,6.65,7.4,7.4,7.54
2.15017,2.1300000000000003,2.1,1.9000000000000001,2.2,2.14
10.213931,9.959999999999999,9.34,10.24,10.4,10.612
1.615138,1.62,1.61,1.4000000000000001,1.7,1.668
8.441314,6.1850000000000005,7.55,9.040000000000001,8.6,9.076
1.995,1.99,2.08,1.82,2.1,2.022
4.1471931,4.140000000000001,4.17,4.2,4.3,4.3
1.611474,1.59,1.56,1.5,1.7,1.6
5.366776,5.390000000000001,5.44,5.64,5.5,5.583
1.243224,1.26,1.23,1.12,1.4,0.031
4.104411,4.055000000000001,4.0200000000000005,4.7,4.2,4.722
1.715,1.715,1.78,1.74,1.9,1.769
4.7239477,4.735,4.73,4.78,4.9,4.857
1.943768,1.97,1.93,1.86,2.1,2.039
6.022723,5.510000000000001,5.91,5.4,6.2,6.258
1.813049,1.835,1.82,1.76,1.9,1.837
5.561168,5.495,5.53,6.2,5.7,5.802
1.4925,1.515,1.42,1.44,1.5,1.533
3.6559247,3.6599999999999997,3.69,3.74,3.8,3.71
2.119902,2.12,2.02,1.96,2.1,2.14
5.22505,5.235,5.2,5.26,5.3,5.363
1.854144,2.0650000000000004,1.87,,1.9,1.887
4.664653,4.66,4.55,,4.8,4.739
1.6849999,1.665,1.6600000000000001,2.02,1.7,1.702
8.7598421,8.725,8.67,8.88,8.9,9.076
2.66749,2.6300000000000003,2.5300000000000002,2.48,2.6,2.63
13.77822,12.37,13.57,13.08,13.9,14.155
1.97686,1.945,1.96,2.02,2.0,1.904
11.470921,11.245,11.22,12.1,11.6,11.86
1.645,1.695,1.84,1.62,1.8,1.718
5.8327709,5.83,5.32,5.72,6.0,6.005
2.269945,2.2750000000000004,2.2800000000000002,,2.3,2.309
9.246664,8.94,8.99,,9.4,9.447
2.679822,2.6450000000000005,2.63,2.6,2.7,2.697
8.571743,7.87,7.95,9.36,8.7,8.958
2.0650001,2.0500000000000003,2.05,2.0,2.1,2.09
5.8236117,5.845000000000001,5.59,5.94,5.9,6.038
1.95266,1.925,1.83,1.74,1.9,1.921
7.706373,7.715000000000001,7.53,7.12,7.8,8.047
1.79093,1.7550000000000001,1.68,1.86,1.8,1.786
6.919051,6.175000000000001,6.93,7.62,7.1,7.658
0.99,1.025,1.02,0.0,1.0,1.027
3.5299158,3.56,3.31,3.8000000000000003,3.7,3.676
2.411854,2.3800000000000003,2.27,2.16,2.4,2.393
5.882634,5.36,5.45,5.62,5.6,5.954
1.267354,1.455,1.4000000000000001,1.24,1.3,1.28
4.702009,4.19,4.22,5.32,4.8,4.756
1.335,1.33,1.45,1.06,1.3,1.33
3.9556817,3.975,3.95,4.0200000000000005,4.1,4.098
2.133191,2.1,2.04,,2.1,2.107
5.875351,5.44,5.5,,6.0,5.937
1.600369,1.57,1.49,,1.6,1.567
5.052057,4.7,5.1000000000000005,,5.2,5.363
2.0250001,2.0000000000000004,1.99,1.76,2.0,2.005
3.5479567,3.565,3.6,3.7600000000000002,3.7,3.575
2.220991,2.1900000000000004,2.11,1.98,2.2,2.174
4.354495,4.380000000000001,4.42,4.22,4.5,4.587
1.989849,1.96,1.96,1.9000000000000001,2.0,1.938
4.043051,4.075,4.03,4.76,4.2,4.79
2.915,2.8950000000000005,2.92,2.64,2.9,2.9
6.7289887,6.5,6.3500000000000005,6.94,6.8,6.916
2.017653,1.985,1.97,1.76,2.0,2.005
8.127639,7.805000000000001,7.44,7.98,8.3,8.705
2.00806,1.99,1.99,1.84,2.0,1.988
6.921771,6.575,7.0,7.62,7.1,7.473
2.1657441,2.1500000000000004,2.25,1.92,2.1,2.157
5.0822683,5.105,5.0,4.42,5.2,5.195
2.239909,2.2100000000000004,2.21,,2.2,2.225
6.591552,6.285,6.36,,6.7,6.73
2.098365,2.095,2.21,2.14,2.1,2.056
6.091988,5.08,6.0600000000000005,6.7,6.2,6.73
1.93,2.0000000000000004,1.98,2.0,2.0,1.988
6.6176901,6.58,6.5,6.82,6.8,6.899
2.331783,2.3000000000000003,2.22,2.1,2.3,2.292
9.778916,9.54,9.57,9.620000000000001,9.9,10.004
2.505364,2.535,2.52,2.66,2.6,2.545
8.982635,8.51,8.88,9.64,9.1,9.363
2.125,2.1250000000000004,2.2800000000000002,1.8800000000000001,2.1,2.123
4.2881899,4.23,4.08,4.28,4.3,4.402
2.115193,2.1300000000000003,2.04,1.8800000000000001,2.1,2.107
5.357823,4.590000000000001,5.32,4.8,5.3,5.431
2.694446,2.6950000000000003,2.63,2.42,2.7,2.68
5.40596,4.7,4.79,5.9,5.4,5.33
1.26,1.285,1.27,0.0,1.3,1.28
2.9950717,3.005,2.64,4.14,3.2,3.203
2.05029,2.0450000000000004,1.95,1.78,2.0,2.056
4.534694,4.555000000000001,4.59,3.8000000000000003,4.7,4.823
2.053029,2.0300000000000002,2.05,1.94,2.1,2.056
4.347188,4.305000000000001,4.3100000000000005,5.16,4.5,4.435
1.825,1.845,1.84,,1.9,1.853
3.7958113,3.755,3.8200000000000003,,4.0,4.03
1.784996,1.84,1.75,,1.9,1.837
4.517313,4.53,4.5600000000000005,,4.7,4.688
2.14414,2.1700000000000004,2.07,,2.2,2.174
4.822485,4.695,4.71,,4.9,5.532
1.35,1.43,1.37,2.3000000000000003,1.4,1.381
4.6376288,4.635000000000001,4.6000000000000005,4.8,4.7,4.672
1.994154,1.9949999999999999,1.97,1.92,2.1,2.039
6.375687,6.355,6.38,6.48,6.4,7.827
1.905356,1.925,1.92,3.04,2.0,2.005
6.021424,5.07,6.03,6.6000000000000005,6.0,6.494
1.8150001,1.825,1.87,1.6400000000000001,1.9,1.853
4.3289901,4.37,4.39,4.5,4.5,4.604
2.372647,2.345,2.33,2.14,2.4,2.36
5.869467,5.335,5.14,5.36,6.0,6.342
1.766548,1.74,1.72,1.62,1.8,1.752
5.017023,4.45,4.49,5.72,5.2,5.768
1.8371216,1.825,1.81,2.54,1.8,1.837
5.6695699,5.65,5.5600000000000005,5.78,5.8,6.022
2.276219,2.245,2.17,2.2,2.2,2.258
8.051701,7.7250000000000005,7.59,7.78,8.2,8.418
2.032866,2.0100000000000002,1.98,2.22,2.0,2.005
7.212491,6.885000000000001,7.0600000000000005,7.82,7.3,7.861
1.6012018,1.615,1.6600000000000001,1.54,1.7,1.634
4.1988179,4.23,4.21,4.4,4.3,4.385
2.574318,2.5700000000000003,2.54,2.4,2.7,2.596
6.252937,5.905,6.11,7.42,6.4,6.443
2.132763,2.365,2.23,2.12,2.2,2.14
5.580926,5.315,5.4,4.74,5.7,5.853
1.9675,2.015,2.06,,2.0,2.022
4.2890225,4.3100000000000005,4.3,,4.4,4.418
2.69147,2.6550000000000002,2.56,2.42,2.7,2.663
5.922028,5.575,5.58,4.16,6.0,6.123
1.540575,1.54,1.53,1.3,1.5,1.55
4.571958,4.275,4.59,5.3,4.7,4.857
1.865,1.915,2.05,1.78,2.0,1.921
3.9418041,3.915,3.86,4.0600000000000005,4.0,3.878
2.20896,2.2150000000000003,2.27,,2.3,2.242
4.98451,4.945,4.8500000000000005,,5.0,4.992
1.840992,1.84,1.8900000000000001,1.8,1.9,1.87
4.50549,4.08,4.01,5.4,4.5,4.553
1.9349999,1.92,1.94,1.72,1.9,1.921
4.3270473,4.325,4.39,5.48,4.4,4.368
2.729781,2.6900000000000004,2.62,2.44,2.7,2.68
6.162126,6.115,6.13,4.54,6.3,7.54
1.683358,1.9,1.78,1.74,1.7,1.685
4.943764,4.87,4.92,5.62,5.1,5.093
1.86,1.915,1.86,1.72,1.9,1.921
3.7611172,3.76,3.83,3.84,3.9,3.878
2.295333,2.2750000000000004,2.21,,2.3,2.309
5.257172,5.275,4.7,,5.4,5.482
1.816345,1.875,1.79,,1.9,1.837
4.328188,3.855,3.8200000000000003,,4.4,4.368
1.5825,1.57,1.58,2.2800000000000002,1.6,1.6
5.1469381,5.135000000000001,5.18,5.32,5.3,5.279
2.490402,2.4800000000000004,2.44,2.32,2.6,2.512
7.996825,7.3950000000000005,7.34,7.68,8.2,8.249
1.499336,1.5,1.49,1.28,1.5,1.533
6.044909,6.050000000000001,6.0,6.5600000000000005,6.2,6.359
1.3741636,1.355,1.34,1.1400000000000001,1.4,1.381
7.077595,6.8500000000000005,6.890000000000001,7.16,7.2,7.253
1.716243,1.675,1.69,1.44,1.7,1.718
10.662595,10.08,10.18,10.46,10.8,10.882
1.801042,1.795,1.78,2.06,1.8,1.786
9.368707,8.79,8.89,10.06,9.5,10.105
1.795,1.785,1.72,1.6400000000000001,1.9,1.837
4.1796668,4.21,4.09,4.32,4.3,4.283
2.107494,2.1250000000000004,2.04,2.02,2.2,2.157
5.456389,5.1450000000000005,5.13,5.32,5.6,5.802
1.968665,1.9749999999999999,1.94,1.8800000000000001,2.1,2.005
5.173243,4.9,5.23,6.1000000000000005,5.3,5.482
1.765,1.7550000000000001,1.75,1.5,1.8,1.769
5.2315917,5.265000000000001,5.29,5.36,5.4,5.617
2.12517,2.12,2.12,2.1,2.1,2.107
6.775049,6.5,6.55,6.62,6.9,6.983
1.751006,1.78,1.78,2.0,1.8,1.803
6.339106,6.285,6.22,7.12,6.4,6.359
1.8138072,1.81,1.93,1.56,1.8,1.803
3.8621464,3.85,3.77,3.96,3.9,3.811
1.675048,1.66,1.82,1.52,1.7,1.651
4.365919,4.345000000000001,3.99,3.86,4.4,4.486
1.971895,1.95,2.16,,2.0,1.938
4.671023,4.235,4.29,,4.7,5.043
1.15,1.215,1.2,0.0,1.2,1.229
4.5463139,4.5600000000000005,4.47,4.66,4.6,4.57
1.817522,1.84,1.73,1.6,1.9,1.837
6.978672,6.5,6.68,6.72,6.9,6.933
1.871742,2.0100000000000002,1.96,,2.0,1.938
6.457063,6.08,6.11,,6.5,6.983
1.2875,1.295,1.29,,1.3,1.297
2.9578796,2.9749999999999996,3.02,,3.1,3.035
2.055529,2.035,1.96,1.86,2.1,2.056
4.339903,4.355,4.23,3.7,4.4,4.435
1.395284,1.38,1.35,,1.4,1.398
3.602513,3.225,3.5,,3.6,3.22
2.0899999,2.0700000000000003,2.17,1.82,2.1,2.073
5.4142214,5.405,5.09,5.58,5.6,5.6
2.183387,2.1550000000000002,2.16,1.9000000000000001,2.1,2.14
7.395647,7.415,6.96,7.68,7.5,7.709
2.207611,2.1750000000000003,2.17,1.92,2.2,2.174
6.445787,6.365,6.07,7.0600000000000005,6.6,6.764
1.375,1.405,1.37,1.28,1.4,1.415
3.2870571,3.215,3.2800000000000002,3.34,3.4,3.338
1.72079,1.71,1.62,,1.8,1.718
4.278195,4.13,4.0200000000000005,,4.4,5.667
2.095413,2.08,2.05,2.34,2.1,2.14
4.430587,4.33,4.45,5.0600000000000005,4.5,4.975
2.4300001,2.4050000000000002,2.43,2.18,2.4,2.427
4.8815977,4.880000000000001,4.8,4.94,4.9,4.891
1.720346,1.695,1.62,1.48,1.7,1.718
4.818006,4.835,4.3500000000000005,4.5600000000000005,4.8,4.807
1.627153,1.62,1.6400000000000001,1.42,1.7,1.668
4.953248,4.36,4.34,5.5,5.0,5.532
2.0050001,1.9800000000000002,1.98,1.8800000000000001,2.0,1.988
4.2801409,4.295,4.32,4.24,4.4,4.469
2.086541,2.0500000000000003,2.04,1.92,2.0,2.073
5.029838,5.03,4.96,5.0,5.2,5.178
2.223172,2.3750000000000004,2.29,,2.2,2.174
5.214031,4.575,5.19,,5.3,5.718
1.605,1.62,1.53,1.76,1.9,1.634
3.1727054,3.175,3.04,3.2800000000000002,3.3,3.203
1.61958,1.6,1.55,,1.6,1.617
3.690711,3.655,3.34,,3.7,3.693
1.684018,1.675,1.57,,1.7,1.685
3.718975,3.3899999999999997,3.39,,3.6,3.777
2.4349702,2.435,2.54,2.3000000000000003,2.4,2.444
7.0823134,6.9,6.67,7.24,7.2,9.211
2.166742,2.1350000000000002,2.07,1.9000000000000001,2.1,2.123
8.653711,8.325,7.96,8.42,8.8,8.722
2.198533,2.1700000000000004,2.19,2.08,2.2,2.14
8.323343,7.61,8.39,8.86,8.5,8.401
1.675,1.665,1.7,1.72,1.7,1.668
4.7553112,4.760000000000001,4.3,4.82,4.8,4.773
1.81311,1.76,1.6500000000000001,1.52,1.8,1.786
5.947303,5.23,5.29,5.44,5.9,5.954
2.14469,2.2700000000000005,2.02,2.22,2.1,2.14
6.39535,5.9750000000000005,6.07,6.86,6.4,6.477
2.02,2.0250000000000004,1.97,1.98,2.1,2.073
6.6620985,6.665,6.5600000000000005,6.66,6.8,7.0
2.750347,2.7100000000000004,2.62,2.62,2.8,2.714
9.732692,9.559999999999999,9.84,9.56,9.9,9.886
1.423694,1.405,1.36,1.28,1.5,1.482
8.000451,7.7700000000000005,7.9,8.700000000000001,8.1,8.333
1.73,1.72,1.73,1.48,1.7,1.735
4.6140368,4.595000000000001,4.61,4.86,4.8,4.672
2.900962,2.8800000000000003,2.82,2.7600000000000002,2.9,2.883
6.785509,6.6450000000000005,6.72,6.92,6.9,6.899
2.108824,2.115,2.16,2.0,2.1,2.107
5.793074,5.78,5.83,6.36,6.0,5.836
2.2825,2.3000000000000003,2.25,2.18,2.3,2.309
4.9346102,4.970000000000001,4.69,4.6000000000000005,5.1,5.161
2.031738,2.0250000000000004,1.93,1.8,2.0,2.022
5.902984,5.510000000000001,5.39,5.66,5.7,6.123
1.522343,1.515,1.45,1.26,1.5,1.55
4.634594,4.205,4.7,5.26,4.8,5.245
1.75,1.75,1.79,1.6600000000000001,1.8,1.769
4.7555887,4.7700000000000005,4.66,4.86,4.9,4.874
2.84079,2.87,2.85,2.72,3.0,2.917
6.880355,6.365,6.59,6.76,7.0,7.169
1.920635,1.94,2.04,2.06,2.0,2.022
5.966875,5.69,5.79,6.5200000000000005,6.0,5.802
1.4224578,1.4,1.3,1.24,1.4,1.432
4.0456088,4.050000000000001,3.98,4.18,4.1,4.081
2.041943,1.985,1.8900000000000001,3.54,2.0,2.022
5.535402,5.055000000000001,5.51,5.5600000000000005,5.5,5.532
2.088907,2.0450000000000004,1.98,,2.1,2.073
5.474186,5.115,5.36,,5.5,5.735
2.305,2.31,2.27,2.44,2.4,2.36
5.3975682,5.430000000000001,5.45,5.5200000000000005,5.5,5.617
2.126445,2.1250000000000004,2.0300000000000002,2.06,2.1,2.157
6.280061,6.285,6.18,5.5,6.4,6.511
2.560992,2.56,2.54,2.54,2.6,2.579
6.510548,6.29,6.36,7.16,6.5,6.865
1.8257419,1.805,1.82,2.1,1.9,1.837
4.3162227,4.32,4.3100000000000005,4.58,4.4,4.368
1.834443,1.81,1.77,1.6600000000000001,1.9,1.837
5.369124,5.36,5.15,3.3000000000000003,5.5,5.482
1.639177,1.635,1.58,1.5,1.7,1.651
4.523659,4.305000000000001,4.38,5.0200000000000005,4.6,4.537
1.8150001,1.83,1.76,,1.8,1.786
3.1471706,3.17,3.2,,3.3,3.288
1.896974,1.875,1.77,,1.9,1.87
3.735175,3.35,3.37,,3.9,3.862
1.674846,1.695,1.6300000000000001,1.48,1.7,1.668
3.343403,2.9949999999999997,3.11,3.9,3.5,3.271
2.03,2.035,2.07,1.82,2.0,2.022
4.3106717,4.3100000000000005,4.0,4.32,4.4,4.25
1.366439,1.34,1.28,,1.3,1.364
4.507965,4.11,4.03,,4.6,4.756
1.923609,1.9,1.84,2.08,1.9,1.904
4.790262,4.335,4.39,5.5200000000000005,4.7,4.925
1.865,1.85,1.82,1.6,1.9,1.853
3.9270938,3.96,3.99,4.1,4.0,4.064
1.978409,1.955,1.86,1.7,2.0,1.938
4.882211,4.930000000000001,4.74,4.1,5.0,5.313
2.228007,2.1950000000000003,2.13,1.94,2.2,2.191
4.84913,4.880000000000001,4.86,5.5200000000000005,5.0,4.975
2.24,2.3000000000000003,2.3000000000000003,2.12,2.3,2.309
5.2934859,5.325,5.32,5.44,5.4,5.498
2.046941,2.04,1.95,1.82,2.0,2.056
6.036138,6.075,6.04,5.78,6.2,6.241
1.884835,1.945,1.94,1.78,2.0,1.955
5.71514,5.75,5.61,6.32,5.9,5.701
1.295,1.285,1.28,1.4000000000000001,1.3,1.297
3.6947821,3.725,2.7800000000000002,3.84,3.9,3.997
1.690321,1.655,1.55,1.4000000000000001,1.7,1.668
4.860951,4.625,4.86,4.88,5.1,5.245
2.227598,2.3600000000000003,2.27,,2.2,2.208
5.228708,4.550000000000001,5.23,,5.3,5.65
1.96,1.94,1.94,1.8800000000000001,2.0,1.955
4.0617068,4.065,4.12,4.28,4.2,4.182
1.869974,1.84,1.79,1.6400000000000001,1.9,1.837
4.908341,4.905,4.96,4.7,5.1,5.161
2.004172,1.9800000000000002,1.92,3.74,2.0,1.988
4.734992,4.655,4.74,5.36,4.9,5.127
2.105,2.0900000000000003,2.08,2.2,2.1,2.09
10.7479524,10.54,10.6,10.64,10.8,10.645
2.159612,2.1250000000000004,2.02,2.0,2.1,2.14
16.640855,16.26,16.12,16.32,16.4,16.771
1.417148,1.385,1.33,1.5,1.4,1.398
12.924009,12.41,12.61,13.540000000000001,13.0,12.873
2.2249999,2.245,2.45,2.4,2.2,2.225
5.9557268,5.96,5.95,6.08,6.1,7.979
2.073945,2.0700000000000003,2.0300000000000002,2.5,2.1,2.09
7.05999,7.015000000000001,6.8500000000000005,7.1000000000000005,7.2,7.372
1.798705,1.785,1.75,2.36,1.8,1.803
6.63138,6.305000000000001,6.58,7.2,6.7,6.983
1.33,1.33,1.33,,1.3,1.313
2.3542024,2.335,1.8900000000000001,,2.5,2.444
1.977773,1.95,1.97,,2.0,1.955
3.375218,3.375,3.3000000000000003,,3.5,3.473
1.241715,1.23,1.21,1.16,1.2,1.212
2.549211,2.485,2.57,3.12,2.7,3.119
2.1800001,2.265,2.19,2.12,2.3,2.225
7.5913451,7.57,7.42,7.82,7.8,9.683
2.836477,2.8400000000000003,2.82,2.8000000000000003,2.9,2.933
11.422353,11.115,11.1,11.14,11.5,11.708
2.372065,2.3750000000000004,2.41,2.3000000000000003,2.5,2.461
9.726559,9.379999999999999,9.49,10.44,9.9,9.937
2.27,2.2950000000000004,2.36,2.2600000000000002,2.3,2.292
4.1971526,4.2250000000000005,4.24,4.24,4.4,4.3
2.047548,2.035,2.18,1.94,2.1,2.056
4.64101,4.605,4.45,4.42,4.7,4.823
1.37959,1.58,1.42,1.32,1.4,1.415
3.901582,3.8899999999999997,3.88,4.5600000000000005,4.1,4.013
1.64,1.645,1.62,1.94,1.7,1.685
3.462748,3.4949999999999997,3.5,3.7,3.6,3.541
1.696452,1.695,1.6600000000000001,1.6,1.8,1.752
4.24506,4.285,4.09,4.5200000000000005,4.4,4.52
2.194375,2.22,2.18,,2.3,2.208
4.59092,4.2700000000000005,4.32,,4.8,5.093
1.9053996,1.915,2.07,1.8,1.9,1.921
4.8968631,4.91,4.61,4.98,5.1,5.11
2.355223,2.325,2.33,2.18,2.3,2.326
6.374996,6.315,6.390000000000001,6.22,6.5,6.595
2.17128,2.1500000000000004,2.19,2.08,2.1,2.14
6.125994,6.130000000000001,5.86,6.76,6.1,6.393
2.0699999,2.08,2.13,1.8800000000000001,2.1,2.107
4.2371202,4.23,4.26,4.44,4.4,4.469
2.122906,2.1100000000000003,2.09,,2.2,2.174
5.237769,5.220000000000001,5.17,,5.4,5.431
2.460581,2.5450000000000004,2.67,,2.7,2.613
5.569692,4.71,5.5,,5.7,6.325
1.9299999,2.035,2.05,1.8800000000000001,2.1,2.073
4.7664133,4.765000000000001,4.51,4.86,4.8,6.258
2.489342,2.6700000000000004,2.64,2.52,2.8,2.697
6.538078,6.255000000000001,6.07,6.16,6.5,8.165
1.23949,1.46,1.51,1.26,1.5,1.482
5.307608,4.840000000000001,4.9,5.9,5.2,5.498
1.665,1.65,1.62,1.48,1.7,1.651
3.9096079,3.92,3.8200000000000003,4.04,4.0,3.963
1.980499,1.95,1.85,1.8800000000000001,2.0,1.972
5.007891,4.785,4.55,4.88,5.2,5.498
2.373159,2.365,2.36,2.3000000000000003,2.3,2.36
5.386558,4.98,5.18,6.16,5.5,5.566
2.01,1.985,1.94,1.74,2.0,1.988
4.7514254,4.775,4.62,4.82,4.9,4.874
1.691156,1.665,1.6500000000000001,1.42,1.7,1.685
5.738338,5.46,5.55,5.7,5.9,5.92
2.246271,2.225,2.23,,2.2,2.208
5.924516,5.2250000000000005,5.95,,6.0,6.46
1.645,1.635,1.57,1.52,1.6,1.651
3.7847092,3.8049999999999997,3.84,3.8200000000000003,3.9,3.963
2.249887,2.2150000000000003,2.12,1.98,2.2,2.225
4.992949,4.605,4.63,4.8,4.8,5.161
1.897251,1.865,1.79,2.06,1.9,1.887
4.713517,4.325,4.7700000000000005,5.5,4.9,4.823
2.2625,2.2600000000000002,2.4,2.2600000000000002,2.3,2.292
6.1511239,6.065,5.93,6.08,6.3,6.41
2.111532,2.08,2.13,2.06,2.3,2.09
8.064274,7.575,8.02,7.84,8.3,8.35
1.630168,1.605,1.67,1.58,1.7,1.617
6.868881,6.355,6.44,7.46,7.0,7.473
2.0350001,2.0300000000000002,2.05,2.12,2.0,2.073
4.9271163,4.965000000000001,4.99,5.98,5.2,5.077
2.249884,2.2350000000000003,2.18,2.08,2.3,2.275
6.475283,6.2250000000000005,6.45,6.48,6.6,6.798
2.144483,2.1350000000000002,2.09,2.22,2.2,2.157
5.986813,6.010000000000001,6.0600000000000005,6.5600000000000005,6.2,6.477
1.4,1.44,1.41,,1.4,1.432
2.4793787,2.05,2.1,,2.6,2.495
1.816726,1.85,1.73,,1.9,1.837
3.287528,3.295,2.7600000000000002,,3.5,3.558
1.795933,1.82,1.76,,1.8,1.988
3.107192,2.48,2.5500000000000003,,3.4,3.068
1.785,1.82,1.8,1.72,1.8,1.803
4.2115853,4.220000000000001,4.28,4.44,4.3,4.267
2.329585,2.345,2.29,2.1,2.4,2.343
5.48254,5.48,5.51,5.54,5.7,5.532
2.08908,2.0900000000000003,2.06,1.86,2.1,2.107
5.098995,4.535,5.14,5.6000000000000005,5.3,5.633
1.535,1.585,1.62,1.46,1.6,1.583
4.599049,4.615,4.46,4.66,4.7,4.655
2.45085,2.4250000000000003,2.38,2.22,2.5,2.444
6.515281,6.28,6.28,6.4,6.7,6.848
1.794914,1.79,1.73,1.56,1.8,1.82
5.909488,5.915,5.5600000000000005,6.5200000000000005,6.0,5.954
1.6636511,1.7,1.72,,1.7,1.651
3.7069944,3.635,3.61,,3.7,3.76
1.975772,1.93,1.84,1.68,2.0,1.921
4.603685,4.575,4.47,4.14,4.6,4.553
1.894396,1.885,1.85,1.6400000000000001,1.9,1.87
4.376808,4.075,4.0,4.82,4.4,4.553
1.97,1.945,2.05,1.94,2.1,2.005
4.6145919,4.62,4.37,4.7,4.8,4.672
1.720146,1.705,1.68,1.78,2.0,1.718
5.301266,5.32,4.96,5.5600000000000005,5.4,5.515
2.370312,2.3600000000000003,2.42,2.36,2.6,2.444
5.631548,5.36,5.3,6.12,5.8,5.92
1.995,2.0450000000000004,2.05,1.92,2.0,2.056
4.4200274,4.455,4.45,5.54,4.6,4.621
1.547178,1.545,1.46,1.34,1.6,1.567
4.671697,4.720000000000001,4.66,4.96,4.9,4.925
1.646174,1.68,1.6500000000000001,1.8800000000000001,1.7,1.702
4.700171,4.71,4.73,5.3,5.0,5.009
2.5550001,2.5300000000000002,2.57,2.32,2.6,0.031
7.6740558,7.680000000000001,7.76,7.74,7.8,7.979
1.791637,1.775,1.75,1.58,1.8,1.803
9.164172,9.19,9.25,8.42,9.3,9.97
2.201065,2.165,2.25,2.68,2.2,2.225
9.00356,8.715,8.96,8.38,9.2,9.802
2.75,2.7350000000000003,2.7,2.48,2.7,2.731
6.5255426,6.505000000000001,6.58,6.68,6.7,6.781
2.552472,2.5100000000000002,2.42,2.2600000000000002,2.5,2.495
7.484803,7.485,7.54,7.62,7.6,7.726
2.234776,2.2100000000000004,2.14,3.1,2.2,2.191
6.899419,6.285,6.69,7.5,7.1,7.237
1.265,1.305,1.26,,1.3,1.33
2.8426952,2.685,2.75,,3.0,2.9
2.332552,2.305,2.22,,2.3,2.326
4.438376,4.46,4.28,,4.5,4.537
1.698742,1.68,1.62,,1.7,1.735
3.78023,3.755,3.62,,3.9,4.199
1.22,1.22,1.21,1.08,1.3,1.263
3.4880053,3.475,3.54,3.5,3.6,3.642
2.201549,2.29,2.27,2.12,2.4,2.326
5.202714,5.21,4.75,4.92,5.3,5.262
1.955556,2.0000000000000004,2.07,1.9000000000000001,2.1,2.056
4.981088,4.590000000000001,4.67,5.5600000000000005,5.1,5.161
2.4000001,2.3850000000000002,2.37,2.14,2.4,2.393
4.8824303,4.87,4.84,4.98,4.9,4.823
1.494736,1.5,1.44,1.34,1.5,1.516
4.805264,4.795,4.57,4.7,4.8,5.077
1.69866,1.72,1.7,1.6,1.7,1.702
4.895694,4.555000000000001,4.7,5.42,4.9,5.043
1.9299999,1.925,1.92,2.4,1.9,1.921
5.2138283,5.245,5.29,5.42,5.3,5.397
2.038119,1.9800000000000002,1.92,3.72,2.0,2.005
6.628903,6.66,6.390000000000001,6.62,6.8,6.865
2.311024,2.265,2.45,3.12,2.3,2.292
6.804535,6.5,6.51,7.32,6.8,7.118
2.6949999,2.685,2.7600000000000002,2.44,2.7,2.697
6.0997766,6.11,5.67,6.32,6.2,6.173
2.13981,2.14,2.04,1.9000000000000001,2.1,2.14
7.462443,7.195,7.41,7.3,7.6,8.637
2.038831,2.0000000000000004,1.97,1.78,2.0,2.022
6.639909,6.595000000000001,6.7,7.22,6.8,6.764
2.78,2.83,2.82,2.62,2.9,2.832
6.9457574,6.95,6.97,7.0600000000000005,7.1,9.177
1.86576,1.885,1.79,1.62,1.9,1.904
7.241923,7.260000000000001,7.3100000000000005,6.78,7.4,7.642
2.112812,2.115,2.08,1.94,2.1,2.157
7.494361,7.265000000000001,7.51,3.9,7.6,7.928
1.65,1.645,1.6600000000000001,1.52,1.8,1.702
3.0200514,3.03,3.0700000000000003,3.2800000000000002,3.2,3.372
1.536508,1.545,1.51,,1.7,1.583
3.414646,3.435,3.49,,3.6,3.575
1.614422,1.625,1.6300000000000001,,1.7,1.651
3.322449,3.28,3.25,,3.5,3.743
1.975,1.955,1.96,1.94,2.0,2.022
4.7628051,4.78,4.68,3.7600000000000002,4.9,4.823
2.141125,2.115,2.05,1.98,2.2,2.191
5.872306,5.615,5.76,5.88,6.0,6.14
1.812993,1.81,1.72,1.68,1.9,1.853
5.526175,5.265000000000001,5.48,6.16,5.6,5.566
2.875,2.91,2.93,2.7,2.9,2.933
5.9637758,5.96,5.74,6.04,6.1,6.055
1.98851,1.985,1.9100000000000001,1.86,2.0,2.005
6.177887,5.485,5.71,5.72,6.1,6.292
1.795988,1.835,1.82,,1.8,1.837
5.809819,5.1450000000000005,5.23,,5.8,6.241
2.085,2.0650000000000004,1.99,1.96,2.1,2.09
9.816763,9.82,9.36,10.0,10.0,10.038
2.420865,2.37,2.27,2.16,2.4,2.377
15.493378,14.975,14.700000000000001,15.780000000000001,15.6,15.978
2.056619,2.185,2.02,2.14,2.0,2.022
12.222222,11.459999999999999,11.42,12.76,12.3,12.805
1.785,1.795,1.76,1.54,1.8,1.803
5.4022866,5.415,5.09,5.66,5.6,7.287
1.812704,1.79,1.7,1.54,1.8,1.82
7.13303,7.04,6.58,6.74,7.2,7.253
1.553099,1.55,1.54,1.44,1.5,1.55
6.17187,6.135000000000001,6.19,6.7,6.3,6.562
1.5301483,1.535,1.49,1.36,1.5,1.516
3.5498996,3.4899999999999998,3.39,3.38,3.7,3.541
1.623776,1.595,1.51,1.36,1.6,1.617
4.227241,4.21,4.18,3.7800000000000002,4.4,4.283
2.370103,2.345,2.3000000000000003,2.2600000000000002,2.3,2.343
4.937033,4.815,4.84,5.5200000000000005,5.0,4.891
2.105,2.1,2.1,2.3000000000000003,2.1,2.09
5.3,5.300000000000001,5.17,5.34,5.4,5.482
1.525247,1.495,1.53,,1.5,1.516
6.508208,6.19,6.26,,6.6,6.832
1.371192,1.5050000000000001,1.3800000000000001,,1.4,1.364
5.68994,5.355,5.32,,5.6,5.988
1.5650001,1.585,1.58,1.46,1.6,1.583
3.2690162,3.29,3.34,4.5200000000000005,3.4,3.406
1.751815,1.9800000000000002,1.9100000000000001,1.74,2.0,2.005
4.147221,4.2,4.24,3.7800000000000002,4.3,4.469
1.879923,2.06,2.05,1.86,2.1,2.09
4.154775,4.16,4.16,4.66,4.3,4.182
1.8940199,1.87,1.8,1.7,1.9,1.904
3.4688542,3.505,3.46,3.68,3.6,3.693
1.833395,1.78,1.67,1.62,1.8,1.803
3.98418,4.005,3.8000000000000003,3.8200000000000003,4.1,4.182
1.854607,1.82,1.79,1.7,1.9,1.853
3.825075,3.6,3.64,4.36,3.9,3.794
1.73,1.745,1.74,1.5,1.8,1.735
4.2196344,4.2250000000000005,4.16,4.32,4.3,4.216
2.466098,2.4450000000000003,2.38,2.2,2.5,2.427
5.829623,5.840000000000001,5.87,5.84,5.8,5.988
1.769953,1.795,1.82,,1.8,1.803
4.848814,4.83,4.74,,4.9,4.942
2.4019414,2.4400000000000004,2.5,2.42,2.5,2.444
7.8861061,7.91,7.97,8.040000000000001,8.0,8.013
1.760403,1.79,1.69,1.54,1.8,1.769
10.800964,10.355,10.02,10.6,10.5,11.118
2.516392,2.5250000000000004,2.47,2.32,2.6,2.562
9.987296,9.45,9.99,10.46,10.1,10.105
1.465,1.45,1.48,1.2,1.4,1.465
3.643246,3.655,3.5100000000000002,3.7,3.7,6.207
1.991683,1.965,1.86,1.7,2.0,0.031
4.994857,4.785,4.71,4.86,5.2,5.296
1.903647,1.8800000000000001,1.83,3.24,1.9,1.887
4.794658,4.54,4.51,5.42,4.7,4.773
1.595,1.6,1.58,1.4000000000000001,1.6,1.6
5.0636723,4.87,4.93,5.14,5.2,5.11
1.924391,1.9,1.79,1.6400000000000001,1.9,1.887
7.723414,7.28,7.83,6.94,7.4,7.793
1.552217,1.525,1.45,1.34,1.5,1.533
6.00969,5.695,5.76,4.0,6.1,6.173
1.8200001,1.81,1.81,1.6600000000000001,1.8,1.82
3.9146039,3.57,3.56,4.08,4.1,5.549
1.829564,1.79,1.7,1.54,1.8,1.803
4.617796,4.635000000000001,4.53,3.92,4.8,4.756
2.289319,2.2800000000000002,2.2,2.7800000000000002,2.3,2.275
4.827743,4.445,4.7700000000000005,5.46,5.0,5.026
1.51,1.51,1.48,1.26,1.5,1.499
3.2837265,3.28,3.31,4.24,3.5,3.372
1.995465,1.955,1.87,1.72,2.0,1.955
4.478952,4.495,4.34,4.7,4.7,4.705
1.919954,1.92,1.9000000000000001,1.86,1.9,1.921
4.240363,4.0,4.08,4.76,4.3,4.402
2.175,2.1500000000000004,2.15,,2.1,2.14
3.9173794,3.925,3.83,,4.1,4.081
2.75873,2.72,2.65,2.48,2.7,2.731
5.083447,4.705,4.7700000000000005,4.9,5.2,5.245
2.516475,2.475,2.42,2.24,2.5,2.495
4.724447,4.49,4.5600000000000005,5.2,4.8,4.621
1.595,1.605,1.56,1.36,1.6,1.6
3.4544214,3.435,3.39,3.2,3.6,3.558
1.780952,1.77,1.69,1.54,1.8,1.786
4.158885,4.180000000000001,4.11,4.44,4.3,4.351
1.819526,1.785,1.77,1.58,1.8,1.786
4.171357,4.12,4.07,4.66,4.4,4.233
2.1025,2.14,2.06,1.96,2.2,2.174
4.2501652,4.260000000000001,4.3,3.9,4.4,4.334
1.765194,1.7550000000000001,1.69,1.54,1.8,1.735
4.542557,4.550000000000001,4.6000000000000005,3.58,4.7,4.655
1.80307,1.8,2.16,,1.8,1.82
4.496946,4.260000000000001,4.41,,4.7,4.587
1.715,1.71,1.67,1.46,1.7,1.718
3.8865711,3.915,3.97,5.0200000000000005,4.1,4.3
1.322148,1.3,1.23,,1.3,1.297
4.197865,4.2250000000000005,4.2700000000000005,,4.4,4.655
1.990985,1.9800000000000002,1.96,2.6,2.0,1.988
4.645504,4.595000000000001,4.59,5.2,4.7,5.009
1.355,1.495,1.5,,1.5,1.482
2.8265971,2.81,2.69,,2.8,2.849
1.938061,2.1350000000000002,2.04,,2.1,2.107
3.989779,3.94,3.97,,4.0,3.912
1.682975,1.85,1.8,1.6400000000000001,1.9,1.853
3.566497,3.525,3.34,3.52,3.5,3.457
1.1175,1.16,1.16,0.9400000000000001,1.2,1.162
2.6528491,2.6599999999999997,2.69,3.64,2.8,2.832
2.171431,2.18,2.06,,2.2,2.157
4.264899,4.295,4.4,,4.4,4.57
1.633024,1.9800000000000002,1.83,,1.6,1.617
3.581222,3.38,3.45,,3.6,3.878
0.965,0.98,1.12,0.0,1.0,0.993
2.5087992,2.4749999999999996,2.23,3.2800000000000002,2.5,2.495
2.033091,2.0050000000000003,1.98,1.92,2.2,2.005
4.36313,4.335,4.3100000000000005,4.2,4.3,4.469
1.770352,1.77,1.8,1.62,1.9,1.786
3.902172,3.8699999999999997,3.44,4.32,3.8,4.368
1.1,1.15,1.09,1.06,1.2,1.128
2.7608171,2.76,2.75,3.54,2.9,2.883
2.039284,2.055,1.96,,2.1,2.073
4.099175,4.125,3.77,,4.3,4.199
1.985887,1.985,1.97,2.22,2.0,2.022
4.027887,3.75,3.65,4.7,4.2,4.03
1.61,1.6,1.51,1.42,1.6,1.567
3.8479912,3.645,3.93,4.72,4.0,4.03
1.80581,1.775,1.69,1.52,1.8,1.769
5.163654,4.79,5.24,4.26,5.3,5.279
1.961376,1.965,1.96,1.9000000000000001,1.9,1.938
4.98248,4.42,5.0600000000000005,5.62,5.2,5.144
1.865,1.87,1.79,2.06,1.9,1.904
3.9051671,3.915,3.91,4.72,4.0,3.862
2.413816,2.4050000000000002,2.35,,2.5,2.461
5.296349,5.2700000000000005,5.2,,5.3,5.363
2.228057,2.2300000000000004,2.17,2.72,2.3,2.275
4.86507,4.53,4.5,5.26,4.9,5.195
1.23,1.225,1.21,1.56,1.2,1.212
3.95,3.92,3.88,4.62,4.0,3.946
1.830839,1.8,1.79,3.0,1.8,1.82
5.604939,5.220000000000001,5.57,5.42,5.6,5.633
1.231085,1.225,1.22,2.36,1.2,1.195
4.648305,3.6199999999999997,4.5,5.0,4.7,5.026
1.2967264,1.315,1.35,1.26,1.5,1.364
3.4055722,3.375,3.22,4.44,3.5,3.473
1.770975,1.78,1.74,,1.9,1.803
4.563035,4.49,4.53,,4.7,4.621
1.711111,1.91,1.83,,2.0,1.752
4.330159,4.265000000000001,4.2700000000000005,,4.5,4.368
2.03,2.0100000000000002,2.0100000000000002,1.76,2.0,0.031
5.4342052,5.465000000000001,5.15,5.5600000000000005,5.6,5.735
2.219873,2.185,2.12,2.06,2.2,2.208
6.940875,6.335,6.98,7.9,7.1,7.304
1.67619,1.665,1.6500000000000001,1.74,1.7,1.651
6.345578,6.285,5.7700000000000005,6.86,6.5,6.781
1.52,1.695,1.69,1.98,1.9,0.031
4.9823493,4.9350000000000005,4.8,5.0,5.1,5.093
2.745465,2.7350000000000003,2.8000000000000003,2.68,2.9,2.883
7.53226,7.33,7.4,7.36,7.6,7.574
1.812699,1.815,1.85,,2.0,1.837
6.086168,6.08,5.8,,6.0,6.19
1.335,1.355,1.29,1.62,1.3,1.33
3.0425332,3.0749999999999997,3.1,4.08,3.2,3.17
1.906043,1.865,1.76,,1.9,1.87
4.428042,4.175000000000001,4.24,,4.6,4.503
1.664828,1.64,1.52,,1.7,1.668
3.84963,3.605,3.67,,4.0,3.845
1.1651664,1.18,1.16,1.04,1.2,1.145
3.1085907,3.09,2.87,3.98,3.3,3.338
2.485924,2.45,2.49,,2.5,2.461
5.240085,5.2700000000000005,5.13,,5.4,5.347
1.931494,2.08,2.08,,1.9,2.14
4.25034,4.115,3.6,,4.4,4.351
1.575,1.56,1.56,1.44,1.6,1.583
3.8124645,3.81,3.68,4.82,3.8,3.794
2.514904,2.47,2.38,2.3000000000000003,2.5,2.478
5.518172,5.515000000000001,5.51,5.6000000000000005,5.5,5.498
2.727664,2.8600000000000003,2.74,2.8000000000000003,2.7,2.714
5.480059,5.130000000000001,5.19,5.72,5.3,5.448
1.8099999,1.825,1.8,2.16,1.9,1.904
5.054513,5.050000000000001,5.0200000000000005,5.94,5.2,5.009
2.215369,2.2,2.19,,2.3,2.258
6.688924,6.010000000000001,6.71,,6.7,6.646
2.128496,2.1450000000000005,2.11,2.6,2.3,2.225
6.346293,5.46,6.03,6.7,6.4,6.73
1.37,1.405,1.4000000000000001,,1.4,1.415
2.7921806,2.78,2.79,,2.9,3.018
2.230813,2.2150000000000003,2.14,,2.3,2.258
4.235374,4.245,4.2700000000000005,,4.4,4.334
1.581632,1.795,1.6,,1.6,
3.362646,3.3,3.22,,3.5,
2.28,2.265,2.2,2.08,2.3,2.275
6.1128216,6.125,5.95,7.04,6.2,6.308
1.526661,1.5050000000000001,1.45,1.52,1.5,1.516
7.256232,6.86,6.65,6.8,7.0,7.709
1.575629,1.725,1.7,2.2800000000000002,1.6,1.583
6.2417,6.24,5.68,6.8,6.3,6.207
1.59,1.59,1.5,1.42,1.6,1.55
3.1124765,3.135,2.64,3.2800000000000002,3.3,3.22
1.389925,1.37,1.29,,1.4,0.031
3.34932,2.94,2.54,,3.5,4.672
1.509897,1.49,1.47,1.74,1.5,1.482
3.525334,2.7849999999999997,3.5500000000000003,4.0200000000000005,3.6,4.064
1.455,1.455,1.44,1.2,1.4,1.432
3.1080356,3.085,2.74,3.04,3.2,3.068
2.070936,2.0500000000000003,2.0,1.92,2.0,2.056
4.359433,4.4,4.43,4.0600000000000005,4.5,4.722
1.960185,1.945,1.92,2.2,1.9,1.904
4.065449,4.095000000000001,3.89,4.66,4.0,4.587
1.35,1.39,1.46,1.3800000000000001,1.4,1.364
3.4136212,3.36,3.39,4.14,3.5,3.423
1.947279,2.035,2.0300000000000002,,2.0,2.039
4.690573,4.340000000000001,4.4,,4.8,4.823
2.236931,2.3150000000000004,2.35,2.64,2.3,2.275
4.821956,4.505000000000001,4.46,5.42,4.9,4.823
1.7,1.735,1.78,1.6400000000000001,1.8,1.769
4.1130541,4.085,3.99,5.08,4.1,4.267
1.42473,1.43,1.4000000000000001,1.26,1.5,1.465
4.578621,4.585,4.57,4.58,4.6,4.638
1.92286,2.1950000000000003,2.04,2.08,2.0,1.972
4.962481,4.090000000000001,4.17,5.3,5.0,5.245
1.2381628,1.245,1.32,1.32,1.2,1.246
7.7356725,7.54,7.54,7.88,7.9,7.777
1.985488,1.96,1.8800000000000001,4.84,2.0,1.988
11.464181,11.235,11.28,11.72,11.6,11.894
1.818821,1.8,1.74,3.16,1.8,1.82
10.964358,10.615,10.69,11.540000000000001,11.1,11.253
1.5764996,1.59,1.77,1.72,1.7,1.634
4.4655461,4.3950000000000005,4.42,5.54,4.6,4.587
2.248962,2.2300000000000004,2.21,,2.4,2.275
6.391475,6.3950000000000005,6.4,,6.6,6.663
1.525159,1.53,1.51,1.4000000000000001,1.7,1.567
5.356532,5.300000000000001,5.28,5.86,5.5,5.33
1.755,1.73,1.69,1.54,1.7,1.718
4.6381839,4.655,4.73,5.82,4.8,4.925
2.004099,1.9800000000000002,1.8900000000000001,,2.0,2.005
5.904655,5.315,5.95,,6.0,6.342
1.885262,1.87,1.83,,1.9,1.853
5.607256,5.08,5.08,,5.8,6.072
1.2625,1.295,1.25,1.26,1.3,1.313
4.40726,4.430000000000001,4.48,5.28,4.5,4.621
1.982249,1.97,1.86,,2.0,1.972
6.621106,6.6000000000000005,6.63,,6.8,6.899
1.661361,1.645,1.55,3.48,1.7,1.668
5.825462,5.340000000000001,5.87,6.3,6.0,6.325
1.4194047,1.465,1.51,1.32,1.5,1.465
6.805,6.62,6.7,6.96,6.9,6.983
1.566289,1.565,1.6400000000000001,3.2800000000000002,1.7,1.651
9.140502,9.115,8.620000000000001,8.82,9.2,10.831
2.072679,2.12,2.19,2.46,2.2,2.191
8.964049,8.42,8.51,9.5,9.1,9.532
1.4,1.385,1.32,1.16,1.4,1.398
3.8582607,3.875,3.92,4.92,4.0,3.98
1.997473,1.96,1.86,1.84,2.0,1.972
5.323471,5.355,5.29,5.46,5.5,5.633
1.913044,1.89,1.8800000000000001,2.04,1.9,1.921
5.094027,4.865,4.94,5.7,5.2,4.992
2.0450001,2.055,2.18,1.92,2.1,2.073
4.0031432,3.9299999999999997,3.5500000000000003,4.1,4.2,4.115
2.035502,2.0900000000000003,2.09,1.92,2.2,2.09
4.746506,4.78,4.79,5.0200000000000005,4.9,6.224
1.181607,1.175,1.18,0.98,1.2,1.195
3.636735,2.7849999999999997,3.68,4.1,3.7,4.064
1.4033067,1.435,1.3800000000000001,1.32,1.5,1.482
2.925961,2.895,2.91,3.94,3.1,2.967
1.810884,1.83,1.77,,2.0,1.837
3.855153,3.875,3.94,,4.0,3.946
1.49161,1.605,1.54,,1.6,1.583
3.491846,2.735,2.6,,3.6,3.676
2.0450001,2.035,1.96,2.02,2.1,2.039
5.6160022,5.67,5.7,5.74,5.7,5.971
2.259268,2.2950000000000004,2.19,2.04,2.3,2.258
7.617009,7.625,7.7,7.48,7.8,7.81
1.543249,1.535,1.5,1.46,1.6,1.533
6.185341,5.155,6.08,6.9,6.3,6.933
2.4521785,2.4450000000000003,2.44,2.22,2.4,2.444
6.7345398,6.545000000000001,6.66,7.72,6.9,6.747
1.807517,1.78,1.74,1.7,1.8,1.803
8.365283,8.184999999999999,8.26,8.3,8.5,8.603
2.060317,2.04,2.0300000000000002,1.92,2.0,2.039
7.703963,7.425000000000001,7.5600000000000005,8.36,7.7,8.401
1.76,1.7550000000000001,1.74,1.48,1.7,1.752
4.5798978,4.6000000000000005,4.5600000000000005,5.82,4.7,4.655
1.832038,1.81,1.73,1.58,1.8,1.837
5.670954,5.7,5.75,5.9,5.9,5.903
1.81223,1.79,1.8,3.7,1.8,1.803
5.570257,5.405,5.32,6.16,5.7,5.718
1.6417245,1.64,1.71,1.5,1.6,1.634
3.5598915,3.57,3.48,4.42,3.7,3.743
2.308982,2.2950000000000004,2.2600000000000002,3.08,2.3,2.275
4.778028,4.8100000000000005,4.8500000000000005,5.0600000000000005,4.9,5.043
2.481195,2.475,2.52,2.38,2.5,2.461
4.834014,4.775,4.74,5.36,5.0,4.975
1.4460498,1.465,1.3900000000000001,1.58,1.5,1.482
3.902114,3.88,3.93,4.88,4.1,3.946
2.281133,2.285,2.19,2.88,2.3,2.326
5.694434,5.6850000000000005,5.74,5.5600000000000005,5.9,5.954
2.039232,2.035,2.0,,2.1,2.09
5.18199,5.1850000000000005,5.13,,5.3,5.583
1.75,1.77,1.73,1.54,1.8,1.803
4.365072,4.36,4.4,5.22,4.6,4.418
1.748287,1.765,1.67,1.52,1.8,1.769
5.188673,5.2250000000000005,5.24,6.5,5.4,5.583
2.032989,2.0100000000000002,2.0100000000000002,1.8,2.0,1.988
5.485438,5.03,5.19,5.86,5.6,5.903
1.155,1.16,1.1300000000000001,0.0,1.2,1.111
2.49964,2.4949999999999997,2.57,3.14,2.7,3.085
2.337404,2.3350000000000004,2.37,,2.3,2.326
4.075013,4.095000000000001,4.04,,4.3,4.199
1.823694,1.82,1.82,1.68,1.8,1.82
3.46243,3.405,2.84,3.96,3.6,3.963
1.21,1.23,1.33,1.12,1.2,1.246
4.0542129,4.045,4.09,4.78,4.3,4.148
2.111642,2.08,1.96,3.56,2.1,2.123
5.757728,5.78,5.86,6.0200000000000005,6.0,6.022
1.964837,1.96,1.99,1.8800000000000001,2.0,1.988
5.394827,5.355,5.33,4.0,5.5,5.937
1.8200001,1.86,1.8,2.16,1.9,1.87
6.6870782,6.705,6.72,7.62,6.8,6.798
2.044519,2.0300000000000002,1.94,2.24,2.1,2.039
9.807248,9.645,9.870000000000001,11.06,9.9,10.038
1.961573,1.985,1.9000000000000001,2.3000000000000003,2.0,1.988
7.983465,7.8100000000000005,8.0,8.540000000000001,8.1,8.57
1.495,1.53,1.44,1.62,1.6,1.533
3.204624,3.205,3.2800000000000002,4.32,3.4,3.389
1.960322,1.945,1.86,2.04,2.0,1.938
4.143872,4.165,3.89,5.32,4.3,4.975
1.959186,1.99,1.92,1.82,2.0,1.972
4.089033,4.035,4.05,4.5600000000000005,4.3,4.604
1.2,1.355,1.34,1.1,1.3,1.347
2.886271,2.855,2.48,3.62,3.0,2.984
1.85285,1.835,1.97,,2.0,2.022
4.160544,4.16,4.1,,4.3,4.3
2.133041,2.3000000000000003,2.32,2.1,2.3,2.14
4.239027,4.24,4.22,4.72,4.3,4.756
1.16,1.335,1.28,0.0,1.2,1.195
3.3367391,3.17,3.0700000000000003,4.08,3.5,3.524
2.466121,2.5050000000000003,2.57,2.42,2.7,2.495
5.396372,5.42,5.21,5.48,5.6,5.633
1.859058,1.895,2.02,1.82,1.9,1.87
4.721876,4.36,4.41,5.26,4.8,5.043
1.765,1.78,1.73,1.74,1.8,1.837
5.0758846,5.005000000000001,4.96,5.98,5.2,5.11
2.334245,2.305,2.22,2.1,2.3,2.309
6.623261,6.165,6.3500000000000005,6.42,6.8,6.916
1.671238,1.67,1.6300000000000001,1.54,1.7,1.718
5.815112,5.74,5.58,6.0,5.9,6.038
2.625,2.6550000000000002,2.57,2.82,2.7,2.663
5.7458969,5.760000000000001,5.75,6.640000000000001,6.0,5.819
2.254743,2.2150000000000003,2.12,2.04,2.3,2.275
5.986395,5.8950000000000005,6.03,4.8,6.1,6.393
2.005167,1.99,1.92,2.0,2.0,1.988
5.718664,5.7250000000000005,5.69,6.22,5.8,6.258
1.4450001,1.475,1.42,1.26,1.5,1.482
4.7195068,4.75,4.62,5.44,4.8,4.739
3.085496,3.0700000000000003,2.99,2.84,3.1,3.085
7.273903,6.98,7.05,6.84,7.4,7.557
2.160237,2.185,2.16,2.54,2.2,2.191
6.246428,5.95,5.83,6.9,6.2,6.933
1.32,1.32,1.26,1.54,1.4,1.364
4.2054792,4.085,3.77,5.12,4.4,4.334
2.070028,2.04,1.94,1.92,2.1,2.073
6.426006,5.985,5.45,6.16,6.5,6.629
1.699578,1.67,1.6,1.54,1.7,1.735
5.726414,4.94,4.91,6.26,5.9,5.971
1.355,1.35,1.4000000000000001,1.1400000000000001,1.4,1.364
2.8551851,2.77,2.71,3.44,3.0,3.068
1.82585,1.81,1.9000000000000001,,1.9,1.82
3.726531,3.715,3.5700000000000003,,3.7,3.743
2.119585,2.095,2.08,,2.2,2.123
3.904306,3.8899999999999997,3.92,,3.9,4.03
1.24,1.215,1.26,0.96,1.2,1.212
3.0985988,3.0749999999999997,3.02,3.54,3.2,3.052
2.564172,2.5200000000000005,2.48,2.2800000000000002,2.5,2.545
5.008212,4.67,4.99,4.46,5.0,5.127
2.23962,2.2150000000000003,2.16,2.08,2.2,2.208
4.699027,4.705,4.57,5.62,4.7,5.667
1.765,1.865,1.86,1.62,1.9,1.87
4.0991765,4.090000000000001,4.12,4.82,4.2,4.064
2.052816,2.1,2.1,1.98,2.2,2.191
4.996749,4.95,5.01,4.9,4.9,6.224
2.048107,2.2,2.1,1.94,2.2,2.174
4.916676,4.915,4.87,5.46,5.0,5.482
1.0725,1.13,1.11,1.4000000000000001,1.1,1.128
6.8511119,6.7700000000000005,6.79,7.44,6.9,7.017
1.649852,1.66,1.6600000000000001,1.42,1.7,1.668
10.907597,10.885,10.84,10.9,10.8,10.898
2.099971,2.265,2.2,2.08,2.1,2.107
10.042177,9.15,9.26,10.56,10.0,10.612
1.25,1.27,1.23,1.08,1.2,1.246
5.375,5.380000000000001,4.64,6.0200000000000005,5.5,5.819
2.002924,1.965,1.96,1.86,2.0,1.988
8.285222,7.73,8.120000000000001,4.12,8.4,8.333
2.27628,2.2600000000000002,2.24,2.54,2.3,2.258
8.115322,6.695,7.640000000000001,8.6,8.2,8.637
1.3583431,1.34,1.33,1.54,1.3,1.381
4.2757,4.25,4.03,5.04,4.4,4.3
1.933356,1.885,1.78,1.98,2.0,1.938
5.536088,5.48,4.91,4.76,5.6,5.718
2.251698,2.555,2.11,2.12,2.2,2.225
5.996372,5.925000000000001,5.5,6.5600000000000005,6.1,6.595
1.015,1.02,1.0,,1.0,0.976
2.1396541,1.98,1.92,,2.3,2.393
1.560383,1.54,1.48,,1.5,1.516
3.107832,3.1,2.98,,3.2,3.322
1.375623,1.375,1.51,1.32,1.3,1.381
2.792235,2.5999999999999996,2.49,3.2600000000000002,2.8,2.9
0.97,0.9750000000000001,0.91,0.0,1.0,0.959
2.6700574,2.665,2.73,3.24,2.8,2.765
1.948624,1.92,1.81,1.76,1.9,1.921
4.203187,4.165,4.03,3.98,4.3,4.25
1.620505,1.6,1.51,1.72,1.6,1.6
3.866213,3.69,3.68,4.36,4.0,4.267
1.2281709,1.28,1.32,1.12,1.3,1.28
3.4510908,3.25,3.31,4.18,3.6,3.642
1.850708,1.84,1.79,1.8,2.0,1.887
4.913277,4.61,4.49,4.8,5.0,6.562
2.073914,2.0650000000000004,2.13,,2.2,2.09
4.989498,4.340000000000001,4.34,,5.1,5.431
0.935,0.98,0.93,0.0,1.0,0.959
3.2029587,2.905,3.25,3.68,3.4,3.406
2.125123,2.18,2.09,1.96,2.2,2.208
5.365179,5.41,5.42,5.08,5.6,5.701
1.855224,1.8800000000000001,1.82,2.12,1.9,1.887
4.777064,4.79,4.86,5.3,5.0,5.33
1.475,1.48,1.47,1.24,1.5,1.465
3.5393526,3.545,3.21,3.98,3.7,3.912
2.343879,2.3150000000000004,2.2,2.04,2.3,2.292
5.039589,5.0600000000000005,4.49,4.68,5.2,5.093
2.319334,2.2950000000000004,2.21,2.06,2.3,2.292
5.142049,5.095000000000001,4.59,5.62,5.3,5.667
1.24,1.27,1.23,1.08,1.2,1.263
3.6514839,3.65,3.69,4.12,3.8,3.946
2.365449,2.37,2.31,2.14,2.4,2.393
5.674643,5.635000000000001,5.47,5.5200000000000005,5.8,6.038
1.542842,1.7,1.59,1.5,1.6,1.567
4.990037,4.705,4.7700000000000005,5.5,5.1,5.532
1.0402677,1.045,1.09,0.0,1.2,1.077
8.145,8.045,8.120000000000001,8.92,8.2,8.333
2.48398,2.4850000000000003,2.45,2.6,2.6,2.512
12.880895,12.83,12.81,12.6,13.0,12.991
1.711192,1.715,1.76,1.78,1.8,1.735
11.961004,11.6,11.66,12.5,12.2,12.282
1.66,1.67,1.77,1.54,1.7,1.685
3.715,3.525,3.59,4.24,3.7,3.659
1.3986,1.41,1.36,1.24,1.5,1.432
4.174094,3.9499999999999997,4.26,3.96,4.4,4.537
1.912932,1.96,2.0300000000000002,1.8,2.0,1.955
4.637151,4.415,4.33,5.0200000000000005,4.7,4.975
1.585,1.585,1.62,1.48,1.7,1.6
3.959845,3.76,3.87,4.84,4.1,4.013
1.637077,1.615,1.58,1.52,1.8,1.617
4.700389,4.695,4.76,4.88,5.0,5.971
1.571429,1.575,1.57,1.46,1.6,1.567
4.767882,4.49,4.83,5.4,4.9,5.431
1.715,1.695,1.6500000000000001,2.08,1.7,1.702
3.7766602,3.76,3.83,4.94,4.0,3.828
2.177704,2.1500000000000004,2.05,1.92,2.1,2.157
4.972158,4.905,4.97,5.12,5.1,5.06
1.618608,1.59,1.51,2.68,1.6,1.583
4.315637,4.275,4.3500000000000005,4.96,4.5,4.975
1.605,1.615,1.59,1.48,1.6,1.634
3.965,3.9499999999999997,4.0200000000000005,4.68,4.1,4.25
2.313542,2.2950000000000004,2.21,,2.3,2.292
5.308085,5.340000000000001,5.3500000000000005,,5.5,5.667
1.873674,1.87,1.79,,1.9,1.904
4.931917,4.390000000000001,4.3100000000000005,,5.2,5.262
1.6950001,1.67,1.67,1.56,1.7,1.702
5.230759,5.24,5.0,6.08,5.4,5.363
2.199976,2.1550000000000002,2.06,1.98,2.2,2.174
6.947677,6.955,6.78,6.26,7.0,7.068
2.117563,2.245,2.08,2.2800000000000002,2.1,2.09
7.002401,6.760000000000001,6.79,7.42,7.1,7.473
1.24,1.235,1.2,1.1400000000000001,1.2,1.229
2.7852418,2.77,2.86,3.24,2.9,3.119
1.795918,1.775,1.7,,1.8,1.786
3.995362,3.955,3.87,,4.1,4.081
1.950853,1.965,1.9100000000000001,2.4,1.9,1.921
4.245351,4.21,4.24,4.82,4.3,4.857
1.36,1.51,1.49,1.26,1.5,1.432
3.9348652,3.925,3.88,4.42,4.0,4.081
2.32449,2.3950000000000005,2.33,2.22,2.4,2.427
5.641409,5.305000000000001,5.69,5.4,5.6,5.65
1.705304,1.72,1.73,,1.8,1.718
5.129296,4.805000000000001,4.69,,5.1,5.566
1.26,1.255,1.31,0.0,1.2,1.229
3.0247698,3.0,3.0300000000000002,3.72,3.1,3.254
2.346376,2.33,2.32,,2.3,2.326
4.790202,4.7,4.36,,4.9,4.975
2.112718,2.1500000000000004,2.09,,2.1,2.073
4.485882,4.2250000000000005,4.29,,4.6,4.857
1.1149294,1.13,1.22,0.0,1.2,1.145
2.8912669,2.8699999999999997,2.9,3.48,3.0,2.95
2.044675,2.0300000000000002,2.0300000000000002,1.96,2.2,2.056
4.509941,4.455,4.45,4.5600000000000005,4.6,4.57
1.999188,2.0000000000000004,1.99,1.86,2.1,2.022
4.414966,4.4,4.41,5.16,4.5,4.503
1.455,1.45,1.42,1.24,1.5,1.482
3.601802,3.5949999999999998,3.63,3.72,3.8,3.676
1.879726,1.8800000000000001,1.78,,1.9,1.921
4.673124,4.6850000000000005,4.71,,4.8,4.908
2.050626,2.08,2.06,2.0,2.1,2.14
4.785491,4.73,4.8,5.32,5.0,4.975
1.51,1.49,1.48,1.3800000000000001,1.5,1.516
4.8599485,4.8950000000000005,4.88,5.72,5.0,5.077
1.792049,1.74,1.6400000000000001,1.54,1.8,1.769
6.37897,6.325,6.24,6.26,6.5,6.494
1.773105,1.74,1.74,1.84,1.8,1.752
6.085288,6.1000000000000005,6.1000000000000005,6.66,6.2,6.612
1.54,1.55,1.57,1.3,1.6,1.55
6.9496431,6.955,6.61,8.040000000000001,7.1,7.22
2.178124,2.18,2.08,2.36,2.2,2.191
11.386212,11.4,11.290000000000001,11.64,11.6,11.557
1.989517,2.0050000000000003,2.15,4.04,2.0,1.988
9.363892,8.325,8.88,10.0,9.5,9.97
1.36,1.36,1.37,1.3,1.4,1.415
4.0772498,4.095000000000001,4.0,4.84,4.3,4.182
1.750862,1.75,1.73,1.6,1.9,1.803
5.447619,5.17,5.41,5.12,5.6,5.617
1.723927,1.75,1.71,2.46,1.8,1.752
5.300996,5.03,5.15,5.86,5.4,5.903
0.83,0.82,0.7000000000000001,,0.8,0.79
1.6669818,1.6400000000000001,1.73,,1.8,2.275
1.902037,1.9,1.8,,1.9,1.887
3.068478,3.08,3.12,,3.3,3.187
1.345925,1.32,1.24,1.34,1.3,1.347
2.394293,2.3449999999999998,2.43,3.12,2.5,3.085
1.5650001,1.6,1.59,1.82,1.6,1.6
3.8135747,3.77,3.68,4.74,4.0,3.862
2.194687,2.1700000000000004,2.09,2.02,2.2,2.174
4.932213,4.945,4.95,4.94,5.1,5.178
2.360164,2.4000000000000004,2.3000000000000003,4.12,2.4,2.427
5.274925,5.205,5.24,5.28,5.4,5.38
1.175,1.17,1.2,0.96,1.2,1.178
4.0556007,3.98,4.01,4.98,4.3,4.132
1.535528,1.52,1.51,1.32,1.5,1.55
5.103401,4.720000000000001,4.86,4.4,5.2,5.363
1.978991,1.945,1.94,1.76,2.0,1.972
5.642027,5.2700000000000005,5.64,6.16,5.8,6.123
1.715,1.715,1.67,1.6,1.8,1.718
7.2238653,7.010000000000001,7.09,6.62,7.3,7.203
1.84059,1.915,1.8800000000000001,1.8,2.0,1.955
9.982313,9.655,9.72,9.38,10.1,10.055
1.916304,1.89,1.8900000000000001,2.2600000000000002,1.9,1.904
8.849768,8.54,8.58,7.8,8.5,9.16
1.6395041,1.645,1.62,1.42,1.6,1.668
4.1557972,4.165,3.47,5.08,4.3,4.233
2.219539,2.1750000000000003,2.11,2.08,2.2,2.208
5.553187,5.6000000000000005,5.64,3.46,5.7,5.836
2.075324,2.0700000000000003,2.05,1.92,2.0,2.056
5.417071,5.23,5.32,3.52,5.6,5.617
1.46,1.45,1.4000000000000001,1.2,1.4,1.432
3.2065668,3.215,2.58,3.88,3.3,3.153
2.663946,2.6350000000000002,2.58,2.38,2.6,2.63
4.968707,4.695,4.43,4.96,5.0,4.958
1.708342,1.795,1.75,2.2600000000000002,1.7,1.668
3.987107,3.385,3.43,4.6000000000000005,4.1,4.621
1.58,1.55,1.44,1.3800000000000001,1.6,1.55
2.8213236,2.84,2.89,3.42,3.0,2.95
1.770975,1.72,1.61,,1.8,1.752
3.410614,3.17,3.16,,3.6,3.473
2.523258,2.495,2.43,,2.5,2.512
4.178123,3.925,4.19,,4.3,4.604
2.06,2.06,2.0,2.02,2.3,2.056
3.9251509,3.9299999999999997,3.83,4.68,4.0,4.115
1.710884,1.775,1.71,1.62,1.8,1.803
4.126468,3.8449999999999998,3.92,4.08,4.2,4.148
2.31378,2.305,2.24,2.18,2.3,2.326
4.642117,4.375,4.46,5.1000000000000005,4.8,5.127
1.905,1.89,1.8800000000000001,1.68,1.9,1.887
7.4012215,7.325,7.4,8.48,7.5,7.456
1.726077,1.695,1.68,4.32,1.7,1.702
9.188871,9.075,8.84,9.94,9.3,9.481
1.78427,1.79,1.8,2.2600000000000002,1.8,1.769
9.081825,8.66,8.76,9.64,9.1,9.177
1.56,1.565,1.48,1.48,1.8,1.6
3.5002176,3.48,3.5300000000000002,4.18,3.6,3.676
2.221253,2.185,2.14,2.0,2.3,2.242
4.840248,4.83,4.78,4.26,4.8,4.942
1.80871,1.81,1.75,1.72,1.9,1.87
4.434749,4.4350000000000005,4.37,3.58,4.5,4.52
2.4,2.45,2.4,2.62,2.5,2.461
4.5188362,4.54,4.58,5.12,4.7,4.672
2.270151,2.2500000000000004,2.19,2.14,2.3,2.242
5.154019,5.175000000000001,5.01,4.96,5.2,5.245
1.715014,1.735,1.6500000000000001,1.68,1.8,1.752
4.459075,4.485,4.53,5.1000000000000005,4.6,4.553
1.2337219,1.23,1.23,1.28,1.2,1.246
3.9279264,3.935,3.7800000000000002,4.82,4.1,3.98
2.359787,2.3350000000000004,2.34,5.08,2.3,2.326
6.614321,6.630000000000001,6.67,6.86,6.8,6.882
1.910229,2.24,1.9000000000000001,2.02,1.9,1.887
5.681251,5.2250000000000005,5.3,6.3,5.9,6.325
1.75,1.78,1.75,1.6600000000000001,1.8,1.82
4.3128921,4.295,3.71,5.38,4.5,4.418
2.299546,2.37,2.2800000000000002,2.2800000000000002,2.4,2.393
5.780568,5.665,5.73,5.38,6.0,5.954
1.686002,1.69,1.6400000000000001,1.52,1.7,1.752
5.052402,4.635000000000001,4.68,5.8,5.2,5.313
1.565,1.6,1.55,1.4000000000000001,1.6,1.6
7.3515395,7.130000000000001,6.8100000000000005,8.28,7.5,7.405
2.604574,2.5900000000000003,2.54,2.4,2.7,2.596
12.35889,11.965,12.01,12.1,12.1,12.586
1.769672,1.8,1.74,2.1,1.8,1.803
9.449219,8.605,9.01,9.96,9.6,9.548
2.27,2.285,2.27,2.22,2.3,2.326
4.646788,4.6450000000000005,4.49,4.5600000000000005,4.8,4.722
2.35129,2.33,2.2600000000000002,2.2,2.4,2.36
5.38479,5.415,5.34,6.7,5.6,5.718
1.856049,1.835,1.8,2.06,1.9,0.031
4.738671,4.285,4.37,4.5600000000000005,4.9,5.077
1.8360114,1.845,1.84,1.6,1.8,1.837
7.7784156,7.78,7.84,9.02,7.9,7.895
1.585101,1.555,1.54,1.42,1.6,1.567
10.269789,10.219999999999999,9.92,9.96,10.4,10.831
2.282629,2.3200000000000003,2.3000000000000003,5.44,2.3,2.275
9.748382,9.709999999999999,9.47,10.34,9.9,10.223
1.375,1.43,1.42,1.3,1.4,1.432
3.1738156,3.185,3.11,4.12,3.4,3.44
1.844728,1.83,1.78,,1.9,0.031
4.13334,4.1450000000000005,3.86,,4.3,5.6
1.922475,1.95,1.9000000000000001,,2.0,1.938
4.113729,3.405,3.47,,4.3,4.3
1.6270142,1.615,1.75,1.5,1.6,1.617
3.0500271,3.065,2.93,3.8200000000000003,3.1,3.187
1.746114,1.715,1.72,,1.7,1.718
3.681343,3.73,3.5300000000000002,,3.8,3.878
1.820862,1.965,1.92,1.76,1.8,
3.650658,3.6799999999999997,3.71,4.12,3.8,
2.165,2.1500000000000004,2.16,2.04,2.1,2.157
5.2512979,4.845000000000001,4.76,5.0600000000000005,5.4,5.414
2.221613,2.1900000000000004,2.23,,2.2,2.208
6.22185,5.890000000000001,5.59,,6.0,6.798
1.780952,1.77,1.77,4.46,1.8,1.769
5.587314,4.95,4.98,6.0,5.7,5.802
1.13,1.11,1.1,0.0,1.1,1.077
2.928459,2.925,2.99,3.2800000000000002,3.1,3.322
1.957503,1.915,1.84,1.68,1.9,1.938
4.479005,4.425000000000001,4.47,4.54,4.6,4.722
2.105215,2.0900000000000003,2.1,2.38,2.1,2.09
4.383198,4.3500000000000005,4.32,5.0600000000000005,4.6,4.857
1.265,1.365,1.29,1.46,1.4,1.381
3.2595794,3.27,3.34,3.7800000000000002,3.5,3.524
1.981136,1.96,1.9000000000000001,1.8800000000000001,2.0,1.972
4.678267,4.67,4.67,5.72,4.8,5.768
1.746032,1.75,1.79,1.78,1.9,1.921
4.414655,4.3950000000000005,4.42,5.0200000000000005,4.5,4.688
1.175,1.24,1.22,1.24,1.2,1.246
2.739168,2.695,2.6,3.94,2.9,2.984
1.682297,1.71,1.61,1.46,1.7,1.718
3.799573,3.8049999999999997,3.86,4.76,4.0,4.013
1.780141,1.845,1.78,1.84,1.9,1.837
3.756463,3.455,3.5300000000000002,4.6000000000000005,3.9,3.997
1.3930372,1.4,1.42,1.2,1.4,1.432
4.8135972,4.83,4.84,6.04,4.9,4.874
2.068556,2.055,2.06,1.92,2.1,2.056
7.394557,7.380000000000001,7.390000000000001,7.28,7.5,7.473
1.767196,1.73,1.71,1.56,1.8,1.752
6.393472,6.3950000000000005,6.41,6.96,6.5,6.578
1.83,1.86,1.82,2.12,1.9,1.837
3.9853798,3.945,3.87,4.92,4.1,4.115
1.999042,1.99,1.97,,2.0,1.972
4.927418,4.745,4.49,,5.1,5.026
2.040363,2.055,2.0300000000000002,,2.0,2.056
4.764948,4.25,4.32,,4.6,4.705
1.535,1.605,1.69,1.4000000000000001,1.5,1.516
6.1205931,6.130000000000001,6.1000000000000005,7.22,6.2,6.19
2.329952,2.3000000000000003,2.42,2.7,2.3,2.309
8.555087,8.26,8.370000000000001,8.42,8.5,8.738
1.890963,2.0100000000000002,1.94,1.8,1.9,1.887
7.898945,7.45,7.28,8.42,7.9,7.979
1.59,1.58,2.16,1.46,1.6,1.583
6.7023436,6.670000000000001,6.54,7.78,6.7,6.663
1.686168,1.66,1.61,2.82,1.7,1.651
9.836286,9.469999999999999,9.59,9.06,9.8,9.97
2.271083,2.245,2.23,3.3000000000000003,2.2,2.242
8.709909,8.309999999999999,8.52,8.02,8.7,8.975
1.515,1.5,1.44,1.26,1.5,1.499
3.2415385,3.25,3.2800000000000002,4.18,3.4,3.271
2.115193,2.095,2.0300000000000002,,2.1,2.107
4.584761,4.375,4.48,,4.7,4.891
2.615811,2.6100000000000003,2.6,,2.6,2.579
5.002055,5.005000000000001,4.89,,5.0,5.549
2.1099999,2.095,2.06,2.0,2.1,2.107
4.4158641,4.44,4.49,5.18,4.5,4.57
1.724097,1.705,1.6400000000000001,,1.7,1.718
5.390216,5.4350000000000005,5.41,,5.5,5.566
1.806823,1.79,1.76,,1.8,1.786
5.175304,4.905,5.24,,5.3,5.701
1.535,1.545,1.5,1.34,1.6,1.55
3.0752844,3.09,2.91,3.72,3.3,3.288
1.690472,1.675,1.6,1.46,1.7,1.685
3.737435,3.775,3.38,3.8000000000000003,3.9,3.828
2.221125,2.2,2.14,2.04,2.3,2.208
4.219514,3.915,3.9,5.12,4.3,5.161
1.235,1.25,1.22,1.08,1.4,1.263
3.102207,3.105,2.69,3.68,3.2,3.119
1.431263,1.45,1.3800000000000001,1.32,1.5,1.499
3.976056,3.9899999999999998,3.36,2.94,4.0,4.435
1.899262,1.8800000000000001,1.86,1.76,2.0,1.955
4.306241,4.325,3.7,4.76,4.3,4.469
1.29,1.285,1.19,1.28,1.3,1.263
2.925,2.915,2.97,3.44,3.1,3.119
1.52026,1.495,1.3900000000000001,1.32,1.5,1.465
3.902382,3.895,3.08,3.22,4.1,4.385
2.329859,2.3000000000000003,2.21,2.38,2.3,2.309
4.487766,4.005,4.07,5.0,4.5,4.655
0.925,0.9349999999999999,0.86,0.0,0.9,0.79
2.2623324,2.175,2.13,2.86,2.4,2.393
1.676406,1.655,1.56,1.5,1.7,1.651
3.530495,3.5349999999999997,3.12,3.2600000000000002,3.7,3.71
1.955556,1.965,1.95,2.16,2.0,1.955
3.632173,3.5549999999999997,3.62,4.4,3.8,3.76
1.9950491,1.9800000000000002,1.92,1.74,2.0,1.988
5.4347603,5.17,5.19,6.22,5.5,5.38
1.986081,1.95,1.86,1.7,2.0,1.921
6.835022,6.855,6.44,6.66,6.9,7.085
2.343001,2.33,2.2600000000000002,2.48,2.3,2.326
6.920009,6.380000000000001,6.55,7.4,7.0,7.169
1.58,1.6300000000000001,1.58,1.3800000000000001,1.6,1.634
4.4375133,4.44,4.42,5.14,4.6,4.57
1.674525,1.665,1.58,1.4000000000000001,1.7,1.685
5.300588,5.33,5.21,3.84,5.5,5.718
2.04851,2.0250000000000004,1.95,1.8,2.0,2.039
5.607413,5.235,5.33,6.0600000000000005,5.7,6.055
1.6799999,1.855,1.87,1.6,1.9,1.853
5.2485224,5.275,5.18,6.32,5.4,5.515
1.661382,1.685,1.8900000000000001,1.9000000000000001,2.2,2.377
7.445807,6.8950000000000005,7.54,7.24,7.1,8.047
2.267721,2.245,2.29,2.2,2.3,2.275
7.019102,7.035,7.1000000000000005,7.7,7.2,7.456
1.665,1.665,1.62,1.56,1.7,1.651
4.9534838,4.73,4.75,5.84,5.1,5.043
1.924805,1.925,1.86,1.8800000000000001,2.0,1.904
6.744671,6.295000000000001,6.48,6.24,6.9,6.815
2.430399,2.4000000000000004,2.32,2.18,2.4,2.393
6.419673,6.065,6.11,7.16,6.6,6.848
2.2449999,2.2350000000000003,2.23,2.08,2.2,0.031
4.4619379,4.415,4.5200000000000005,4.66,4.6,4.655
1.845846,1.82,1.71,,1.8,1.837
4.41602,4.4350000000000005,4.46,,4.6,4.722
1.941522,1.94,1.93,2.1,1.9,1.938
4.585266,4.515000000000001,4.49,5.42,4.7,4.604
1.5549999,1.545,1.57,1.3,1.5,1.55
4.6692698,4.655,4.54,5.62,4.9,4.773
2.09558,2.0650000000000004,2.05,4.0600000000000005,2.1,2.073
6.54392,6.03,6.12,6.72,6.7,8.097
1.877041,1.85,1.81,2.9,1.9,1.853
5.870511,5.415,5.49,6.46,6.0,5.988
1.8049255,1.795,1.77,1.54,1.8,1.803
3.3589433,3.4,3.45,4.34,3.5,3.541
1.24904,1.225,1.16,0.98,1.2,1.229
3.2489,3.28,3.12,3.12,3.4,3.592
2.571184,2.5450000000000004,2.54,2.48,2.5,2.528
4.484828,4.5200000000000005,4.55,5.36,4.6,4.84
1.985,1.965,1.92,1.7,2.0,1.972
6.785,6.760000000000001,6.66,7.88,6.8,7.0
1.630906,1.595,1.56,1.36,1.6,1.617
8.666423,8.395,8.11,8.620000000000001,8.8,8.857
2.250848,2.2150000000000003,2.17,2.44,2.2,2.225
8.526029,7.920000000000001,8.55,9.16,8.7,9.143
2.4100001,2.41,2.47,,2.5,2.427
4.4358479,4.4350000000000005,4.01,,4.6,5.33
1.378301,1.385,1.29,1.12,1.4,1.364
3.746485,3.73,3.21,5.0200000000000005,4.0,4.047
2.054636,2.04,1.95,1.8,2.0,2.056
4.410298,3.65,3.97,4.5,4.6,4.604
1.5549999,1.59,1.7,1.6,1.6,1.533
4.0089718,3.995,3.89,5.12,4.2,4.182
1.980006,1.96,1.92,1.8800000000000001,2.1,2.09
5.717007,5.74,5.79,5.98,5.9,5.971
1.709334,1.745,1.76,,1.9,1.786
5.383486,4.845000000000001,4.95,,5.5,5.971
1.16,1.19,1.16,1.54,1.2,1.162
2.6617308,2.675,2.46,3.38,2.8,2.748
1.558156,1.53,1.46,,1.6,1.55
3.47401,3.23,3.02,,3.6,3.625
1.702914,1.7,1.69,1.5,1.8,1.718
3.704918,3.665,3.72,3.2800000000000002,3.8,3.676
1.235,1.22,1.22,0.96,1.2,1.229
6.2660307,6.275,6.3100000000000005,6.48,6.3,6.275
1.555471,1.525,1.5,1.28,1.5,1.516
6.637326,6.590000000000001,6.49,7.9,6.8,6.983
2.653937,2.615,2.66,2.38,2.6,2.613
7.098866,7.0,7.08,8.02,7.2,7.439
1.855,1.87,1.86,,1.9,1.87
4.7364376,4.71,4.7,,4.8,4.773
1.646774,1.6300000000000001,1.62,1.36,1.6,1.6
4.486674,4.495,4.18,4.5600000000000005,4.6,4.57
2.217717,2.2350000000000003,2.27,2.0,2.2,2.242
4.739892,4.695,4.66,5.46,4.8,4.739
1.905122,1.86,1.78,,1.9,1.87
12.940064,12.94,13.01,,13.0,13.008
1.434545,1.81,1.27,2.98,1.9,1.432
10.496145,10.514999999999999,10.57,7.98,10.6,10.628
1.909675,2.5450000000000004,1.82,3.9,2.6,1.887
12.058234,12.075,12.120000000000001,9.94,12.1,12.13
2.8900001,2.87,2.96,2.72,2.9,2.866
7.4914261,7.315,7.390000000000001,8.48,7.6,7.557
1.7161,1.82,1.76,1.58,1.7,1.718
8.001619,7.655,7.74,3.2800000000000002,8.0,7.945
2.150971,2.2700000000000005,2.27,2.08,2.2,0.031
8.366841,8.11,8.17,9.0,8.3,8.435
1.47,1.46,1.45,1.32,1.4,1.465
3.4005762,3.385,3.45,4.28,3.5,3.659
1.04263,1.025,1.02,0.0,1.0,1.043
3.507029,3.3899999999999997,3.45,4.62,3.7,3.693
1.786823,1.785,1.78,1.98,1.8,1.769
4.233914,3.46,4.24,5.0200000000000005,4.4,4.84
1.23,1.385,1.37,1.5,1.2,1.263
3.9318122,3.965,4.03,4.72,4.1,4.098
1.514144,1.565,1.48,,1.6,1.583
5.324775,5.37,5.4,,5.5,5.785
2.04402,2.225,2.14,3.46,2.3,2.242
5.678892,5.71,5.73,4.94,5.8,6.005
2.1600001,2.185,2.2,3.04,2.2,2.174
5.2937635,5.300000000000001,5.01,5.94,5.4,5.347
1.934357,1.9749999999999999,1.8900000000000001,,2.0,1.972
6.50858,6.315,6.3500000000000005,,6.7,6.798
2.237508,2.2350000000000003,2.16,,2.2,2.225
6.517311,5.795,6.51,,6.6,7.051
1.5599999,1.56,1.54,1.3800000000000001,1.5,1.55
4.2076996,4.19,4.25,4.42,4.3,4.418
1.97551,1.955,1.87,1.74,2.0,1.972
5.165511,5.180000000000001,4.84,4.88,5.3,5.482
2.20839,2.18,2.12,2.7,2.2,2.174
5.449607,5.430000000000001,5.47,5.2,5.6,5.768
2.1600001,2.1550000000000002,2.14,2.02,2.2,2.174
6.0220619,6.005000000000001,5.87,6.92,6.2,6.14
1.722569,1.695,1.62,1.54,1.7,1.718
6.608707,6.140000000000001,6.21,6.4,6.8,6.967
2.197124,2.18,2.11,2.04,2.2,2.242
7.173222,6.8950000000000005,6.9,7.8,7.3,7.186
1.795,1.775,1.78,2.2,1.8,1.786
5.4500257,5.45,5.3500000000000005,6.5200000000000005,5.6,5.752
1.898612,1.87,1.78,2.64,1.9,1.887
7.542857,7.495,7.38,7.66,7.7,7.793
2.091008,2.0900000000000003,2.05,,2.1,2.005
7.247085,6.665,7.0600000000000005,,7.3,7.827
1.485,1.5050000000000001,1.6300000000000001,1.44,1.5,1.499
5.0670029,5.050000000000001,4.5,6.12,5.3,5.127
2.100697,2.095,2.04,1.86,2.1,2.107
7.38322,7.3950000000000005,7.47,7.54,7.6,8.08
1.562096,1.9,1.56,1.56,1.6,1.567
6.395004,5.3500000000000005,5.4,7.0200000000000005,6.6,7.068
1.0383248,1.03,1.07,0.0,1.1,1.043
5.3792497,5.390000000000001,5.01,6.22,5.5,5.465
1.346939,1.335,1.3,1.18,1.4,1.381
8.153138,8.184999999999999,8.25,8.1,8.3,8.519
1.938087,1.92,2.0100000000000002,1.78,2.0,1.938
7.698178,7.095000000000001,6.8500000000000005,8.36,7.8,8.401
1.21,1.215,1.17,1.44,1.2,1.212
7.1028523,6.94,6.93,8.02,7.2,7.22
2.267443,2.245,2.16,3.5,2.3,2.275
12.128909,11.879999999999999,11.950000000000001,12.16,12.2,12.468
2.666789,4.085,2.7,3.8000000000000003,2.7,2.697
11.171746,10.93,11.0,10.200000000000001,11.3,11.945
1.005,1.08,1.06,0.0,1.1,1.077
3.8563178,3.6799999999999997,3.75,4.62,4.0,4.267
1.575919,1.595,1.54,1.42,1.7,1.583
5.861678,5.590000000000001,5.65,5.84,6.0,6.055
1.450062,1.485,1.55,1.46,1.6,1.55
5.331368,5.075,4.5200000000000005,6.12,5.4,5.313
1.5650001,1.545,1.53,1.3,1.5,1.55
3.7611172,3.78,3.67,4.44,3.9,3.862
1.899578,1.865,1.78,1.62,1.9,1.887
4.880666,4.905,4.7700000000000005,3.5,5.0,4.992
1.752656,1.735,1.67,,1.7,1.752
4.668374,4.425000000000001,4.72,,4.8,4.975
0.955,1.13,1.06,0.0,1.0,1.01
4.03867,4.055000000000001,3.69,4.88,4.2,4.081
1.341763,1.33,1.28,1.08,1.3,1.347
5.489936,5.085,5.0200000000000005,4.72,5.2,5.667
1.834697,1.815,1.8800000000000001,1.6,1.9,1.82
5.917774,5.390000000000001,5.41,3.14,6.0,6.595
1.33,1.4,1.48,1.28,1.4,1.415
3.465,3.4699999999999998,3.3200000000000003,4.38,3.6,3.507
1.585231,1.575,1.51,1.34,1.6,1.583
4.396239,4.41,4.42,4.3,4.5,4.52
1.91805,2.1050000000000004,2.04,1.8800000000000001,2.1,1.921
4.842163,4.875,4.9,5.66,5.0,5.077
1.6125,1.655,1.6500000000000001,1.5,1.7,1.668
6.7570215,6.775,6.53,6.68,6.9,6.95
2.166557,2.14,2.06,1.92,2.2,2.174
9.849325,9.885,9.91,9.64,10.0,10.763
1.781273,1.765,1.69,1.52,1.8,1.803
8.517956,8.1,8.540000000000001,9.3,8.6,9.008
1.21,1.21,1.22,0.0,1.3,1.263
4.3928273,4.415,4.07,5.22,4.5,4.469
1.688139,1.68,1.67,,1.8,1.718
6.419681,6.4350000000000005,6.25,,6.6,6.595
2.703099,2.6950000000000003,2.82,3.02,2.9,2.731
6.866614,6.28,6.9,7.6000000000000005,7.0,7.068
1.325,1.345,1.36,0.0,1.3,1.33
3.478291,3.5,3.52,4.44,3.5,3.49
1.455986,1.45,1.36,1.18,1.5,0.031
4.793913,4.4750000000000005,4.53,4.24,4.9,5.397
2.632169,2.64,2.65,2.4,2.7,2.647
5.471629,5.16,5.48,6.22,5.6,5.92
2.405,2.43,2.5,2.56,2.5,2.427
5.3911845,5.4350000000000005,5.26,5.46,5.5,5.448
1.345757,1.335,1.26,0.0,1.3,1.364
5.584,5.615,5.61,5.42,5.7,5.684
2.128847,2.3200000000000003,2.05,2.04,2.1,2.157
5.995805,6.025,5.86,6.66,6.1,6.038
1.225,1.235,1.22,1.52,1.3,1.229
5.515,5.305000000000001,5.36,5.36,5.6,5.785
1.532726,1.525,1.4000000000000001,2.7,1.5,1.533
7.368609,6.840000000000001,7.41,7.12,7.5,7.591
2.105728,3.2300000000000004,2.04,,2.1,2.14
7.846504,7.3100000000000005,7.5600000000000005,,7.9,7.76
1.59,1.6,1.82,1.6,1.7,1.634
5.4747279,5.4750000000000005,5.53,5.58,5.6,5.532
1.863428,1.85,1.83,1.72,2.0,1.87
7.482097,7.305000000000001,7.45,7.3,7.7,7.709
1.959022,1.99,2.11,1.96,2.2,2.174
7.04898,6.23,7.1000000000000005,7.5200000000000005,7.2,7.22
1.425,1.44,1.45,1.36,1.5,1.482
5.7456193,5.67,5.74,6.88,5.9,5.819
2.371233,2.345,2.29,2.24,2.4,2.377
9.031921,9.02,8.76,8.8,9.2,9.194
1.999042,1.99,1.8900000000000001,1.8800000000000001,2.0,2.005
7.695618,7.62,7.59,8.22,7.8,7.895
1.24,1.28,1.37,1.76,1.3,1.28
4.5918326,4.61,4.19,5.54,4.7,4.773
1.483377,1.53,1.55,1.26,1.5,1.55
7.126127,7.045000000000001,7.09,4.0600000000000005,7.3,7.355
1.980499,2.205,2.24,1.8,2.0,2.039
6.646763,6.62,6.6000000000000005,4.04,6.8,7.203
1.985,1.9749999999999999,1.93,1.94,2.0,2.005
5.349274,5.180000000000001,5.25,6.22,5.4,5.347
1.908107,1.89,1.78,1.78,1.9,1.887
6.68146,6.33,6.41,6.44,6.8,7.473
2.294827,2.285,2.22,2.1,2.3,2.343
6.688998,6.680000000000001,6.55,7.36,6.8,7.169
1.99,1.96,2.0300000000000002,2.46,2.0,1.988
5.5208016,5.54,5.43,6.62,5.7,5.549
1.775572,1.7550000000000001,1.72,1.62,1.8,1.752
6.821658,6.835,6.83,6.28,7.0,7.034
2.399546,2.3950000000000005,2.34,2.24,2.5,2.461
7.328297,7.3100000000000005,7.33,7.9,7.4,7.777
1.355,1.4,1.3900000000000001,1.34,1.4,1.448
4.3939375,4.425000000000001,4.47,5.38,4.5,4.52
1.689213,1.67,1.58,1.44,1.7,1.685
6.067562,6.115,6.140000000000001,6.18,6.2,6.207
2.249869,2.435,2.29,2.2,2.3,2.292
5.968427,5.355,6.0600000000000005,6.5,6.1,6.207
1.56,1.6,1.62,1.5,1.7,1.634
5.4233806,5.430000000000001,5.29,6.32,5.5,5.819
1.95286,1.935,1.86,1.72,2.0,1.921
7.652482,7.445,7.640000000000001,8.66,7.8,7.878
1.924878,1.93,1.94,1.86,2.0,1.921
7.024036,7.0200000000000005,7.0200000000000005,7.7,7.2,7.473
1.655,1.69,1.69,1.44,1.7,1.702
5.1766362,5.180000000000001,5.24,6.12,5.2,5.482
1.705265,1.75,1.72,1.54,1.8,1.786
6.850186,6.62,6.74,6.9,7.0,7.102
2.151179,2.1950000000000003,2.16,4.28,2.2,2.225
6.848529,6.45,5.94,7.32,6.9,7.372
1.97,1.9949999999999999,2.11,1.9000000000000001,2.0,1.988
7.9924088,8.005,8.07,8.74,8.1,8.215
2.289569,2.3850000000000002,2.31,2.22,2.4,2.393
12.122449,12.219999999999999,12.15,11.9,12.3,12.215
2.099913,2.1,2.15,1.8800000000000001,2.1,2.14
10.654005,10.105,10.71,11.24,10.8,11.084
1.88,1.915,2.02,1.76,1.9,1.904
3.3869761,3.385,3.4,4.24,3.5,3.473
1.671202,1.705,1.6400000000000001,1.5,1.8,1.752
3.801361,3.685,3.58,3.72,4.0,3.878
2.290021,2.305,2.22,2.08,2.3,2.36
4.207695,4.21,4.23,4.76,4.3,4.537
2.4200001,2.4250000000000003,2.46,2.56,2.5,2.427
6.6088084,6.455,6.63,7.34,6.7,6.646
1.454875,1.455,1.43,1.8800000000000001,1.6,1.465
8.098526,7.8500000000000005,7.94,8.120000000000001,8.2,8.333
1.896004,1.895,1.96,1.92,2.0,1.904
7.595761,7.36,7.45,8.1,7.7,7.979
2.2149999,2.24,2.2600000000000002,2.38,2.3,2.275
6.478081,6.430000000000001,6.5,6.5600000000000005,6.6,6.848
1.521484,1.51,1.47,5.18,1.6,1.55
7.535543,7.415,7.46,7.68,7.7,7.743
1.967184,2.0050000000000003,2.09,5.18,2.1,2.022
7.444636,7.3950000000000005,7.47,8.120000000000001,7.6,7.979
1.59,1.635,1.6300000000000001,,1.6,1.634
3.7741622,3.77,3.62,,3.9,3.946
1.945484,1.94,1.85,,2.0,1.921
4.806201,4.82,4.5600000000000005,,5.0,4.958
2.501998,2.5250000000000004,2.5300000000000002,2.7800000000000002,2.6,2.528
5.430199,4.8500000000000005,5.42,5.92,5.5,5.853
1.625,1.62,1.6500000000000001,1.5,1.7,1.651
5.8344362,5.800000000000001,5.5600000000000005,6.68,6.0,5.887
1.731066,1.715,1.6600000000000001,1.58,1.8,1.752
7.727535,7.680000000000001,7.21,7.0,7.8,7.777
1.908073,1.93,2.0100000000000002,2.2600000000000002,2.0,1.955
7.399307,6.805000000000001,6.9,7.86,7.5,7.81
1.3,1.28,1.3800000000000001,1.54,1.3,1.313
6.1400218,6.16,5.75,7.12,6.3,6.41
2.559184,2.5650000000000004,2.59,2.44,2.7,2.596
9.80771,9.82,9.68,9.86,9.9,9.937
1.83709,1.8800000000000001,1.97,2.2,2.0,1.921
8.111565,7.82,7.53,8.74,8.3,8.468
1.3525,1.36,1.3900000000000001,1.16,1.4,1.381
4.0988989,4.105,4.01,4.98,4.3,4.132
2.121898,2.1,2.02,4.44,2.1,2.14
6.550113,6.565,6.57,7.76,6.8,6.68
2.417089,2.3750000000000004,2.35,2.2,2.4,2.393
6.080787,6.055000000000001,6.04,6.82,6.2,6.157
