answer,pySATEN2,rVAD,inaSpeechSegmenter,Silero_vad,SpeechBrain,WebRTC,WhisperX
2.2,0.31500000000000006,,,,,0.0,
4.3234391,5.995020833333333,,,,,5.99,
1.566259,0.44500000000000006,,,,,0.0,
3.951837,5.34,,,,,5.34,
2.250014,0.19,,,,,0.0,
4.53606,5.34,,,,,5.34,
1.015,0.09,,,,,0.0,
2.2126505,3.1149999999999998,,,,,3.19,
1.963846,0.38,,,,,0.0,
3.448247,4.755000000000001,,,,,4.97,
2.024333,0.35,,,,,0.0,
3.470833,4.340000000000001,,,,,4.5,
1.85,0.125,,,,,0.0,
4.3964355,5.855,,,,,5.96,
1.956339,0.45999999999999996,,,,,0.0,
5.3259,7.11,,,,,7.11,
1.937731,1.195,,,,,0.0,
4.938391,5.720000000000001,,,,,5.74,
1.96,0.0,,,,,0.0,
8.4,8.969999999999999,,,,,9.85,
2.708844,3.185,,,,,0.0,
10.995011,12.535,,,,,12.91,
2.070676,0.085,,,,,0.0,
10.202353,10.67,,,,,11.01,
1.625,0.165,,,,,0.0,
4.6046,6.165,,,,,6.22,
1.660756,1.805,,,,,0.0,
5.39677,6.91,,,,,6.91,
1.789917,0.385,,,,,0.0,
5.348433,6.108322916666666,,,,,6.1000000000000005,
1.1900001,0.125,,,,,0.0,
3.1793667,3.79,,,,,4.69,
1.736054,0.17500000000000002,,,,,0.0,
4.315638,5.12,,,,,5.6000000000000005,
1.837248,0.53,,,,,0.0,
4.239792,5.1066666666666665,,,,,5.1000000000000005,
1.4349999,0.265,,,,,0.0,
4.4019865,5.6850000000000005,,,,,5.79,
2.399546,0.075,,,,,0.0,
6.288655,7.085,,,,,7.8100000000000005,
1.709398,0.10500000000000001,,,,,0.0,
5.289438,5.975020833333334,,,,,5.97,
1.5864915,0.71,,,,,0.0,
4.6273593,5.865,,,,,5.89,
2.411298,0.43500000000000005,,,,,0.0,
6.180016,7.61,,,,,7.640000000000001,
2.445606,0.45999999999999996,,,,,0.0,
6.153171,7.095000000000001,,,,,7.11,
1.08,0.13,,,,,0.0,
3.4918911,4.8500000000000005,,,,,4.86,
1.533809,0.46499999999999997,,,,,0.0,
4.60495,6.135000000000001,,,,,6.2,
2.581441,0.07,,,,,0.0,
5.586945,6.475020833333334,,,,,6.47,
1.475,0.17500000000000002,,,,,0.0,
5.2343672,6.655,,,,,6.79,
2.029966,0.365,,,,,0.0,
7.543036,8.955,,,,,9.34,
2.143032,2.64,,,,,0.0,
6.477051,7.170000000000001,,,,,7.37,
1.1,0.29000000000000004,,,,,0.0,
2.9456673,4.196666666666666,,,,,4.19,
1.850508,0.09,,,,,0.0,
4.288839,5.74165625,,,,,5.74,
1.885802,0.195,,,,,0.0,
3.990556,4.655,,,,,4.87,
2.415,0.0050000000000000044,,,,,0.0,
5.4189398,6.76165625,,,,,6.76,
1.958346,0.6,,,,,0.0,
6.027465,7.085,,,,,7.24,
2.070295,0.0,,,,,0.0,
5.824207,6.7700000000000005,,,,,6.84,
1.73,0.82,,,,,0.0,
6.3870437,8.01,,,,,8.26,
1.804241,0.075,,,,,0.0,
8.376729,10.125,,,,,10.58,
2.446561,0.0,,,,,0.0,
8.40975,9.205,,,,,9.21,
1.765,0.095,,,,,0.0,
4.5360445,5.795020833333333,,,,,5.79,
2.182236,0.0,,,,,0.0,
5.785826,7.243333333333333,,,,,7.24,
2.275932,0.42000000000000004,,,,,0.0,
5.720184,6.375020833333333,,,,,6.37,
2.075,1.625,,,,,0.0,
5.1702525,6.528322916666666,,,,,6.5200000000000005,
2.039967,0.10500000000000001,,,,,0.0,
6.053487,7.375020833333333,,,,,7.37,
2.252001,2.305,,,,,0.0,
6.091743,6.275,,,,,7.01,
1.8379543,0.19,,,,,0.0,
5.1383339,6.995020833333333,,,,,6.99,
2.048741,0.16,,,,,0.0,
6.366566,7.71,,,,,7.71,
2.445317,0.35,,,,,0.0,
6.730474,7.545000000000001,,,,,7.640000000000001,
1.325,0.255,,,,,0.0,
3.7031087,4.390000000000001,,,,,4.63,
2.128447,0.010000000000000002,,,,,0.0,
5.213152,6.2700000000000005,,,,,6.5,
1.736259,0.785,,,,,0.0,
4.711549,5.44,,,,,5.44,
1.39,0.275,,,,,0.0,
2.9004262,3.8633333333333333,,,,,3.86,
1.928258,0.52,,,,,0.0,
4.013098,5.275,,,,,5.34,
2.202095,0.22,,,,,0.0,
4.123066,4.675000000000001,,,,,4.97,
1.3049999,0.07,,,,,0.0,
5.1813546,6.245,,,,,6.390000000000001,
1.997205,0.0,,,,,0.0,
7.600439,8.813333333333333,,,,,8.81,
2.178198,0.12,,,,,0.0,
7.162346,7.976666666666667,,,,,7.97,
0.9,0.0,,,,,0.0,
2.7769152,3.4299999999999997,,,,,3.7600000000000002,
2.18522,0.32000000000000006,,,,,0.0,
4.78481,5.92,,,,,6.140000000000001,
1.950567,0.0,,,,,0.0,
4.367341,5.306666666666667,,,,,5.3,
1.365,0.0,,,,,0.0,
3.4682991,3.795,,,,,4.23,
2.367393,1.745,,,,,0.0,
5.000861,6.375020833333333,,,,,6.37,
2.311792,0.065,,,,,0.0,
4.749206,5.640000000000001,,,,,5.64,
1.47,1.53,,,,,0.0,
4.8349688,6.065,,,,,6.09,
2.445905,0.020000000000000004,,,,,0.0,
6.895392,7.855,,,,,8.51,
2.030385,0.14500000000000002,,,,,0.0,
6.276291,7.376666666666667,,,,,7.37,
1.465,0.26,,,,,0.0,
5.8796773,6.795000000000001,,,,,6.82,
2.234921,0.075,,,,,0.0,
8.40465,9.385,,,,,9.88,
1.979271,0.645,,,,,0.0,
7.0839,7.61,,,,,7.61,
1.8099999,2.0250000000000004,,,,,0.0,
5.0803254,6.260000000000001,,,,,6.32,
2.291627,0.865,,,,,0.0,
7.138776,8.285,,,,,8.44,
2.260898,0.095,,,,,0.0,
6.501636,7.376666666666667,,,,,7.37,
1.6381163,1.42,,,,,0.0,
5.3040329,6.28,,,,,6.46,
2.219771,0.12,,,,,0.0,
7.11848,8.7,,,,,8.81,
2.195011,0.020000000000000004,,,,,0.0,
6.790884,7.420000000000001,,,,,7.8100000000000005,
1.775,0.0,,,,,0.0,
4.1527441,5.33,,,,,5.79,
1.92494,0.375,,,,,0.0,
5.3356,6.81,,,,,6.8100000000000005,
2.246113,1.52,,,,,0.0,
5.381181,6.475020833333334,,,,,6.47,
1.9299999,0.0,,,,,0.0,
4.294296,5.745,,,,,5.89,
2.610613,0.2,,,,,0.0,
6.638193,8.32,,,,,8.34,
2.418487,0.0,,,,,0.0,
5.56661,6.608322916666666,,,,,6.6000000000000005,
2.0550001,1.94,,,,,0.0,
5.6129491,6.625,,,,,6.66,
2.294785,0.0,,,,,0.0,
7.695427,9.115,,,,,9.24,
2.567191,0.0,,,,,0.0,
7.068706,7.135000000000001,,,,,7.7700000000000005,
1.23,0.075,,,,,0.0,
3.5002176,4.44,,,,,4.5600000000000005,
1.651247,2.22,,,,,0.0,
4.790906,6.170000000000001,,,,,6.37,
2.326516,0.15,,,,,0.0,
5.116211,6.04165625,,,,,6.04,
1.72,0.17500000000000002,,,,,0.0,
3.8590933,4.955,,,,,5.09,
2.149562,0.26,,,,,0.0,
5.018486,6.108322916666666,,,,,6.1000000000000005,
2.8824,0.03,,,,,0.0,
5.539666,6.608322916666666,,,,,6.6000000000000005,
1.7627375,0.35,,,,,0.0,
6.4894607,7.593333333333334,,,,,7.59,
2.359637,0.32999999999999996,,,,,0.0,
9.249567,10.33,,,,,10.44,
2.205881,0.825,,,,,0.0,
7.96214,8.285,,,,,8.84,
1.89,0.32000000000000006,,,,,0.0,
4.7258906,5.760000000000001,,,,,6.0600000000000005,
2.364626,0.155,,,,,0.0,
6.094393,7.743333333333333,,,,,7.74,
1.991022,0.0,,,,,0.0,
5.572336,6.300000000000001,,,,,6.4,
1.0955007,0.035,,,,,0.0,
2.9537163,4.3950000000000005,,,,,4.63,
1.958804,0.05,,,,,0.0,
4.68052,5.54,,,,,6.04,
2.453734,0.11499999999999999,,,,,0.0,
4.760642,5.525,,,,,5.54,
1.135,0.265,,,,,0.0,
3.3178655,4.163333333333333,,,,,4.16,
1.988776,0.085,,,,,0.0,
4.888845,6.425000000000001,,,,,6.7,
2.389472,0.32999999999999996,,,,,0.0,
5.27877,6.008322916666667,,,,,6.0,
1.16,0.485,,,,,0.0,
4.2629326,5.390000000000001,,,,,5.66,
2.079083,0.69,,,,,0.0,
6.215226,6.170000000000001,,,,,7.94,
1.851001,1.85,,,,,0.0,
5.545794,6.4750000000000005,,,,,6.54,
1.735,0.16,,,,,0.0,
3.5773773,4.605,,,,,4.83,
2.34966,2.5100000000000002,,,,,0.0,
4.806382,6.445,,,,,6.47,
2.074562,0.885,,,,,0.0,
4.290875,5.54,,,,,5.54,
1.3049999,0.66,,,,,0.0,
3.6242837,4.855,,,,,4.89,
1.945351,1.21,,,,,0.0,
5.098413,6.34165625,,,,,6.34,
1.8284,0.47,,,,,0.0,
4.588686,5.54,,,,,5.54,
2.27,0.015,,,,,0.0,
7.3271149,8.885,,,,,8.89,
2.075057,0.545,,,,,0.0,
8.515646,9.913333333333334,,,,,9.91,
1.879091,0.44500000000000006,,,,,0.0,
8.105381,8.6,,,,,8.81,
1.465,0.345,,,,,0.0,
4.155,5.245,,,,,5.32,
2.197596,2.435,,,,,0.0,
5.961451,7.01,,,,,7.01,
2.375576,0.755,,,,,0.0,
5.737644,6.2750208333333335,,,,,6.2700000000000005,
1.4400001,0.595,,,,,0.0,
4.6182001,5.75,,,,,6.0200000000000005,
1.876671,0.24500000000000002,,,,,0.0,
6.014775,6.69,,,,,7.04,
2.564749,0.16,,,,,0.0,
6.75541,6.375,,,,,7.67,
1.635,0.0,,,,,0.0,
6.235,7.595000000000001,,,,,7.96,
2.335324,0.275,,,,,0.0,
9.024766,9.26,,,,,10.61,
2.590185,0.23,,,,,0.0,
8.829349,9.565,,,,,9.74,
1.510442,0.26,,,,,0.0,
5.5072015,6.94,,,,,7.22,
1.990355,0.0,,,,,0.0,
7.240396,7.930000000000001,,,,,8.47,
2.387125,0.19,,,,,0.0,
7.932928,8.49,,,,,8.97,
1.245,0.345,,,,,0.0,
5.9457349,6.590000000000001,,,,,7.82,
2.370882,0.63,,,,,0.0,
9.458439,11.248322916666666,,,,,11.24,
2.205558,0.73,,,,,0.0,
8.637031,7.495,,,,,9.370000000000001,
1.415,0.095,,,,,0.0,
2.9723123,4.5600000000000005,,,,,4.63,
2.239909,0.4,,,,,0.0,
4.354355,5.775,,,,,5.94,
2.074294,0.17,,,,,0.0,
4.035828,4.505000000000001,,,,,4.7700000000000005,
1.24,0.16,,,,,0.0,
4.3822803,5.445,,,,,5.79,
2.139093,0.20500000000000002,,,,,0.0,
6.487026,7.776666666666666,,,,,7.7700000000000005,
2.241471,0.385,,,,,0.0,
6.340705,7.04165625,,,,,7.04,
1.352237,0.275,,,,,0.0,
4.26,5.828322916666667,,,,,5.82,
2.180045,0.755,,,,,0.0,
6.091156,7.476666666666667,,,,,7.47,
2.152225,0.06,,,,,0.0,
5.988853,6.82,,,,,6.9,
2.2249999,0.28500000000000003,,,,,0.0,
6.5349793,7.993333333333333,,,,,7.99,
2.256326,0.045,,,,,0.0,
7.899425,8.645,,,,,9.14,
2.163562,0.0,,,,,0.0,
7.92002,8.4,,,,,8.61,
1.9914409,0.765,,,,,0.0,
4.0919601,5.628322916666667,,,,,5.62,
2.419501,3.58,,,,,0.0,
5.221182,6.2700000000000005,,,,,6.57,
2.243487,1.45,,,,,0.0,
5.073515,5.590000000000001,,,,,5.6000000000000005,
1.585,0.29000000000000004,,,,,0.0,
2.9229079,4.0,,,,,4.39,
2.209977,0.125,,,,,0.0,
4.046177,5.14,,,,,5.14,
2.241613,0.0,,,,,0.0,
3.954626,4.906666666666666,,,,,4.9,
1.54,0.14,,,,,0.0,
5.3853559,7.16,,,,,7.16,
1.717873,0.31000000000000005,,,,,0.0,
6.652934,7.8100000000000005,,,,,8.01,
1.809131,0.5549999999999999,,,,,0.0,
6.670986,7.405,,,,,7.47,
2.045,0.33499999999999996,,,,,0.0,
4.112499,5.255000000000001,,,,,5.39,
1.953663,0.905,,,,,0.0,
4.715056,5.71,,,,,6.07,
1.50479,0.515,,,,,0.0,
4.211844,4.73,,,,,4.8,
1.215,0.12,,,,,0.0,
2.8524095,4.16,,,,,4.53,
1.921546,0.065,,,,,0.0,
4.045805,5.44,,,,,5.44,
1.879557,0.23,,,,,0.0,
3.848994,6.708322916666667,,,,,6.7,
1.6950001,0.32999999999999996,,,,,0.0,
5.7062069,7.46,,,,,7.46,
1.775964,0.45499999999999996,,,,,0.0,
7.906154,9.81165625,,,,,9.81,
1.864662,0.18,,,,,0.0,
7.152726,7.9783229166666665,,,,,7.97,
1.34,0.11000000000000001,,,,,0.0,
3.4094579,4.585,,,,,4.73,
1.932501,0.065,,,,,0.0,
4.827088,5.44,,,,,6.07,
1.487984,0.30000000000000004,,,,,0.0,
4.13337,4.7700000000000005,,,,,4.7700000000000005,
1.3214286,0.22,,,,,0.0,
6.4827994,7.735,,,,,7.86,
2.304762,0.255,,,,,0.0,
10.761067,11.78,,,,,12.38,
1.770468,0.45499999999999996,,,,,0.0,
9.040035,7.8500000000000005,,,,,9.81,
2.2449999,0.17500000000000002,,,,,0.0,
6.1081032,7.585,,,,,7.86,
1.626221,0.485,,,,,0.0,
7.032371,8.478322916666666,,,,,8.47,
1.319849,1.385,,,,,0.0,
6.496286,6.180000000000001,,,,,7.11,
1.24,0.635,,,,,0.0,
3.7516804,5.105,,,,,5.19,
2.122007,0.10500000000000001,,,,,0.0,
5.524705,6.99,,,,,7.2700000000000005,
1.24672,0.1,,,,,0.0,
4.556917,4.78,,,,,5.44,
1.4450001,0.075,,,,,0.0,
3.2837265,4.885000000000001,,,,,4.96,
1.82585,1.72,,,,,0.0,
4.274109,5.720000000000001,,,,,5.74,
2.056409,0.025,,,,,0.0,
4.41818,5.073333333333333,,,,,5.07,
2.1300001,0.14,,,,,0.0,
5.4911035,6.595020833333334,,,,,6.59,
2.172706,0.0,,,,,0.0,
6.488859,7.735,,,,,8.040000000000001,
1.916253,0.0,,,,,0.0,
6.138782,6.83,,,,,6.91,
0.855,0.135,,,,,0.0,
2.3020225,3.3966666666666665,,,,,3.39,
2.599327,0.6849999999999999,,,,,0.0,
4.83947,5.74,,,,,6.04,
1.836073,0.135,,,,,0.0,
3.76383,4.1850000000000005,,,,,4.67,
1.4421641,0.0,,,,,0.0,
5.4103356,7.093333333333334,,,,,7.09,
2.058163,0.22,,,,,0.0,
8.858854,10.225,,,,,10.34,
1.83542,0.365,,,,,0.0,
6.867174,7.3950000000000005,,,,,7.47,
0.95,0.29000000000000004,,,,,0.0,
4.435,6.795020833333333,,,,,6.79,
1.957635,1.185,,,,,0.0,
7.269218,7.470000000000001,,,,,8.71,
1.202268,0.09,,,,,0.0,
5.98396,6.64165625,,,,,6.640000000000001,
1.46,0.39,,,,,0.0,
3.9906533,5.9,,,,,5.99,
2.124835,0.05500000000000001,,,,,0.0,
6.081029,6.275,,,,,7.5,
1.743916,0.265,,,,,0.0,
5.336461,6.208322916666667,,,,,6.2,
2.035,0.075,,,,,0.0,
4.6037674,6.828322916666667,,,,,6.82,
2.293419,0.0,,,,,0.0,
5.706989,7.243333333333333,,,,,7.24,
1.582303,0.405,,,,,0.0,
4.891017,5.37,,,,,5.54,
1.5312585,0.28,,,,,0.0,
6.2005283,8.46,,,,,8.46,
2.160216,0.095,,,,,0.0,
9.6275,11.459999999999999,,,,,11.55,
2.616793,0.0050000000000000044,,,,,0.0,
9.136622,9.78,,,,,9.78,
1.615,0.09,,,,,0.0,
4.0383924,4.67,,,,,5.96,
1.896344,0.0,,,,,0.0,
5.093062,6.44165625,,,,,6.44,
1.875958,0.17,,,,,0.0,
4.968121,5.573333333333333,,,,,5.57,
1.58,0.32000000000000006,,,,,0.0,
3.864922,5.495020833333333,,,,,5.49,
2.21782,0.135,,,,,0.0,
5.359834,7.275,,,,,7.3100000000000005,
2.348021,0.44999999999999996,,,,,0.0,
5.34619,5.8950000000000005,,,,,6.07,
1.8304603,0.525,,,,,0.0,
5.604345,7.493333333333333,,,,,7.49,
2.095238,0.0,,,,,0.0,
7.221629,7.53,,,,,8.61,
1.723118,0.13,,,,,0.0,
6.534091,7.295000000000001,,,,,7.3,
2.01,0.015,,,,,0.0,
8.255,9.379999999999999,,,,,9.59,
2.496083,1.955,,,,,0.0,
11.638881,13.185020833333333,,,,,13.18,
1.756519,0.735,,,,,0.0,
9.518179,8.709999999999999,,,,,10.24,
1.345,0.020000000000000004,,,,,0.0,
6.941039,8.015,,,,,8.620000000000001,
2.178571,1.35,,,,,0.0,
10.842443,11.555,,,,,12.21,
2.148196,0.23,,,,,0.0,
9.528345,9.584999999999999,,,,,10.14,
2.215,0.0,,,,,0.0,
4.5948857,6.405,,,,,6.49,
2.323878,0.0,,,,,0.0,
5.387579,6.635000000000001,,,,,6.94,
2.226796,0.19,,,,,0.0,
5.357775,5.975020833333334,,,,,5.97,
1.35,0.26,,,,,0.0,
4.286247,6.095020833333334,,,,,6.09,
1.472001,0.17500000000000002,,,,,0.0,
5.707594,7.243333333333333,,,,,7.24,
1.562273,2.18,,,,,0.0,
5.844895,6.285,,,,,6.3,
1.125,0.135,,,,,0.0,
3.2076771,4.8966666666666665,,,,,4.89,
1.807988,0.375,,,,,0.0,
4.644444,5.78,,,,,5.84,
1.273098,0.155,,,,,0.0,
4.016051,4.585,,,,,4.6000000000000005,
1.7,0.74,,,,,0.0,
4.5682406,6.2283229166666665,,,,,6.22,
1.805547,2.9600000000000004,,,,,0.0,
5.763318,6.2250000000000005,,,,,7.140000000000001,
1.982777,2.1700000000000004,,,,,0.0,
5.738157,6.235,,,,,6.47,
2.21,0.020000000000000004,,,,,0.0,
5.243804,7.093333333333334,,,,,7.09,
1.808078,0.355,,,,,0.0,
5.667979,6.760000000000001,,,,,6.7700000000000005,
1.842236,0.085,,,,,0.0,
5.577592,6.24165625,,,,,6.24,
1.95,0.015,,,,,0.0,
7.2435715,8.826666666666666,,,,,8.82,
2.15017,0.45999999999999996,,,,,0.0,
10.213931,11.883333333333333,,,,,11.88,
1.615138,0.37,,,,,0.0,
8.441314,7.805000000000001,,,,,9.040000000000001,
1.995,0.04000000000000001,,,,,0.0,
4.1471931,6.46165625,,,,,6.46,
1.611474,0.075,,,,,0.0,
5.366776,6.760000000000001,,,,,6.7700000000000005,
1.243224,0.565,,,,,0.0,
4.104411,4.58,,,,,4.7,
1.715,1.765,,,,,0.0,
4.7239477,6.86165625,,,,,6.86,
1.943768,0.03,,,,,0.0,
6.022723,7.243333333333333,,,,,7.24,
1.813049,0.28500000000000003,,,,,0.0,
5.561168,6.206666666666667,,,,,6.2,
1.4925,0.0,,,,,0.0,
3.6559247,4.7700000000000005,,,,,5.59,
2.119902,0.08,,,,,0.0,
5.22505,6.575020833333333,,,,,6.57,
1.854144,0.31500000000000006,,,,,0.0,
4.664653,5.506666666666667,,,,,5.5,
1.6849999,0.29500000000000004,,,,,0.0,
8.7598421,10.98,,,,,11.05,
2.66749,1.145,,,,,0.0,
13.77822,14.895,,,,,15.25,
1.97686,0.385,,,,,0.0,
11.470921,11.66,,,,,12.11,
1.645,0.0,,,,,0.0,
5.8327709,7.105,,,,,7.46,
2.269945,0.0,,,,,0.0,
9.246664,9.545,,,,,10.78,
2.679822,0.48,,,,,0.0,
8.571743,9.38,,,,,9.38,
2.0650001,0.12,,,,,0.0,
5.8236117,7.3933333333333335,,,,,7.390000000000001,
1.95266,0.28500000000000003,,,,,0.0,
7.706373,8.11,,,,,8.91,
1.79093,0.49,,,,,0.0,
6.919051,6.305000000000001,,,,,7.640000000000001,
0.99,0.5549999999999999,,,,,0.0,
3.5299158,4.855,,,,,5.16,
2.411854,0.0,,,,,0.0,
5.882634,6.87,,,,,7.140000000000001,
1.267354,0.725,,,,,0.0,
4.702009,5.34,,,,,5.34,
1.335,1.355,,,,,0.0,
3.9556817,5.76165625,,,,,5.76,
2.133191,0.075,,,,,0.0,
5.875351,7.276666666666666,,,,,7.2700000000000005,
1.600369,0.21,,,,,0.0,
5.052057,5.62,,,,,5.64,
2.0250001,0.0,,,,,0.0,
3.5479567,5.128322916666667,,,,,5.12,
2.220991,0.26,,,,,0.0,
4.354495,5.515000000000001,,,,,5.7,
1.989849,0.06,,,,,0.0,
4.043051,4.365,,,,,4.7700000000000005,
2.915,0.03,,,,,0.0,
6.7289887,8.459999999999999,,,,,8.46,
2.017653,0.585,,,,,0.0,
8.127639,9.68,,,,,9.68,
2.00806,0.77,,,,,0.0,
6.921771,7.5600000000000005,,,,,7.640000000000001,
2.1657441,0.085,,,,,0.0,
5.0822683,6.66165625,,,,,6.66,
2.239909,1.0,,,,,0.0,7.726
6.591552,6.930000000000001,,,,,7.7700000000000005,7.793
2.098365,0.085,,,,,0.0,
6.091988,6.708322916666667,,,,,6.7,
1.93,0.17500000000000002,,,,,0.0,
6.6176901,8.334999999999999,,,,,8.36,
2.331783,0.21,,,,,0.0,
9.778916,11.145,,,,,11.34,
2.505364,0.61,,,,,0.0,
8.982635,9.646666666666667,,,,,9.64,
2.125,0.49,,,,,0.0,
4.2881899,5.495,,,,,5.72,
2.115193,0.06,,,,,0.0,
5.357823,6.84165625,,,,,6.84,
2.694446,0.365,,,,,0.0,
5.40596,5.74,,,,,5.9,
1.26,0.46499999999999997,,,,,0.0,
2.9950717,4.163333333333333,,,,,4.16,
2.05029,0.705,,,,,0.0,
4.534694,5.94165625,,,,,5.94,
2.053029,0.14500000000000002,,,,,0.0,
4.347188,5.03,,,,,5.17,
1.825,0.32000000000000006,,,,,0.0,
3.7958113,4.996666666666667,,,,,4.99,
1.784996,0.43000000000000005,,,,,0.0,
4.517313,5.380000000000001,,,,,5.64,
2.14414,0.17500000000000002,,,,,0.0,
4.822485,5.54,,,,,5.54,
1.35,0.615,,,,,0.0,
4.6376288,6.2700000000000005,,,,,6.36,
1.994154,0.79,,,,,0.0,
6.375687,7.81,,,,,7.8100000000000005,
1.905356,0.265,,,,,0.0,
6.021424,6.28,,,,,6.6000000000000005,
1.8150001,0.085,,,,,0.0,
4.3289901,5.76165625,,,,,5.76,
2.372647,0.495,,,,,0.0,
5.869467,7.243333333333333,,,,,7.24,
1.766548,0.36,,,,,0.0,
5.017023,5.74,,,,,5.74,
1.8371216,0.22,,,,,0.0,
5.6695699,7.293333333333333,,,,,7.29,
2.276219,0.75,,,,,0.0,
8.051701,7.920000000000001,,,,,9.51,
2.032866,2.24,,,,,0.0,
7.212491,6.25,,,,,7.84,
1.6012018,0.21,,,,,0.0,
4.1988179,5.605,,,,,5.86,
2.574318,0.21,,,,,0.0,
6.252937,7.443333333333333,,,,,7.44,
2.132763,0.0,,,,,0.0,
5.580926,6.308322916666667,,,,,6.3,
1.9675,0.11499999999999999,,,,,0.0,
4.2890225,5.595020833333334,,,,,5.59,
2.69147,0.25,,,,,0.0,
5.922028,7.085,,,,,7.24,
1.540575,0.20500000000000002,,,,,0.0,
4.571958,5.29,,,,,5.3,
1.865,0.33499999999999996,,,,,0.0,
3.9418041,5.2283229166666665,,,,,5.22,
2.20896,0.30500000000000005,,,,,0.0,
4.98451,5.630000000000001,,,,,6.04,
1.840992,0.17,,,,,0.0,
4.50549,5.17,,,,,5.4,
1.9349999,0.395,,,,,0.0,
4.3270473,5.37,,,,,5.49,
2.729781,0.08,,,,,0.0,
6.162126,7.51,,,,,7.51,
1.683358,0.955,,,,,0.0,
4.943764,5.64,,,,,5.64,
1.86,0.11499999999999999,,,,,0.0,
3.7611172,4.83,,,,,4.93,
2.295333,0.405,,,,,0.0,
5.257172,6.84165625,,,,,6.84,
1.816345,0.32000000000000006,,,,,0.0,
4.328188,4.915,,,,,5.04,
1.5825,2.6950000000000003,,,,,0.0,
5.1469381,6.2700000000000005,,,,,6.82,
2.490402,0.05,,,,,0.0,
7.996825,9.23,,,,,9.51,
1.499336,2.2950000000000004,,,,,0.0,
6.044909,6.28,,,,,6.57,
1.3741636,0.46499999999999997,,,,,0.0,
7.077595,8.225,,,,,8.620000000000001,
1.716243,0.6,,,,,0.0,
10.662595,11.135,,,,,12.15,
1.801042,0.23,,,,,0.0,
9.368707,9.86,,,,,10.08,
1.795,2.2350000000000003,,,,,0.0,
4.1796668,5.54,,,,,5.66,
2.107494,0.44500000000000006,,,,,0.0,
5.456389,7.055000000000001,,,,,7.07,
1.968665,0.11000000000000001,,,,,0.0,
5.173243,6.108322916666666,,,,,6.1000000000000005,
1.765,0.025,,,,,0.0,
5.2315917,7.105,,,,,7.26,
2.12517,0.23500000000000001,,,,,0.0,
6.775049,7.720000000000001,,,,,8.21,
1.751006,0.39,,,,,0.0,
6.339106,7.1433333333333335,,,,,7.140000000000001,
1.8138072,0.21,,,,,0.0,
3.8621464,5.1000000000000005,,,,,5.42,
1.675048,0.75,,,,,0.0,
4.365919,5.380000000000001,,,,,5.54,
1.971895,0.215,,,,,0.0,
4.671023,5.24,,,,,5.24,
1.15,0.0,,,,,0.0,
4.5463139,6.06165625,,,,,6.0600000000000005,
1.817522,0.23,,,,,0.0,
6.978672,8.178322916666668,,,,,8.17,
1.871742,1.965,,,,,0.0,
6.457063,6.970000000000001,,,,,6.97,
1.2875,0.665,,,,,0.0,
2.9578796,3.92,,,,,4.03,
2.055529,0.020000000000000004,,,,,0.0,
4.339903,5.808322916666667,,,,,5.8,
1.395284,1.235,,,,,0.0,
3.602513,4.27165625,,,,,4.2700000000000005,
2.0899999,2.0100000000000002,,,,,0.0,
5.4142214,6.785,,,,,6.79,
2.183387,0.255,,,,,0.0,
7.395647,8.705,,,,,8.74,
2.207611,0.06,,,,,0.0,
6.445787,7.076666666666667,,,,,7.07,
1.375,0.0,,,,,0.0,
3.2870571,4.695,,,,,4.89,
1.72079,0.17500000000000002,,,,,0.0,
4.278195,5.64,,,,,5.64,
2.095413,0.17500000000000002,,,,,0.0,
4.430587,4.785,,,,,5.07,
2.4300001,2.6350000000000002,,,,,0.0,
4.8815977,6.220000000000001,,,,,6.5600000000000005,
1.720346,0.275,,,,,0.0,
4.818006,5.86,,,,,6.2,
1.627153,1.21,,,,,0.0,
4.953248,5.485,,,,,5.5,
2.0050001,0.31500000000000006,,,,,0.0,
4.2801409,6.2283229166666665,,,,,6.22,
2.086541,0.875,,,,,0.0,
5.029838,6.308322916666667,,,,,6.3,
2.223172,0.0050000000000000044,,,,,0.0,
5.214031,4.925000000000001,,,,,5.87,
1.605,0.0,,,,,0.0,
3.1727054,4.763333333333334,,,,,4.76,
1.61958,0.23,,,,,0.0,
3.690711,4.905,,,,,5.04,
1.684018,0.095,,,,,0.0,
3.718975,4.238322916666666,,,,,4.23,
2.4349702,0.23500000000000001,,,,,0.0,
7.0823134,9.19165625,,,,,9.19,
2.166742,0.07,,,,,0.0,
8.653711,8.334999999999999,,,,,10.18,
2.198533,0.46499999999999997,,,,,0.0,
8.323343,8.86,,,,,8.870000000000001,
1.675,0.025,,,,,0.0,
4.7553112,6.495020833333333,,,,,6.49,
1.81311,0.0,,,,,0.0,
5.947303,7.043333333333333,,,,,7.04,
2.14469,0.15,,,,,0.0,
6.39535,6.555000000000001,,,,,6.87,
2.02,0.08,,,,,0.0,
6.6620985,6.29,,,,,8.32,
2.750347,0.405,,,,,0.0,
9.732692,11.135,,,,,11.14,
1.423694,0.32000000000000006,,,,,0.0,
8.000451,6.7,,,,,8.71,
1.73,1.515,,,,,0.0,
4.6140368,6.695020833333333,,,,,6.69,
2.900962,0.03,,,,,0.0,
6.785509,8.139999999999999,,,,,8.31,
2.108824,0.0,,,,,0.0,
5.793074,6.375020833333333,,,,,6.37,
2.2825,0.46499999999999997,,,,,0.0,
4.9346102,6.6000000000000005,,,,,6.62,
2.031738,0.14,,,,,0.0,
5.902984,7.325,,,,,7.44,
1.522343,0.14500000000000002,,,,,0.0,
4.634594,5.0,,,,,5.2700000000000005,
1.75,0.6849999999999999,,,,,0.0,
4.7555887,6.46165625,,,,,6.46,
2.84079,0.31000000000000005,,,,,0.0,
6.880355,8.455,,,,,8.47,
1.920635,0.14,,,,,0.0,
5.966875,6.25,,,,,6.54,
1.4224578,0.795,,,,,0.0,
4.0456088,5.510000000000001,,,,,5.69,
2.041943,0.4,,,,,0.0,
5.535402,6.840000000000001,,,,,6.84,
2.088907,0.0,,,,,0.0,
5.474186,6.0,,,,,6.04,
2.305,0.2,,,,,0.0,
5.3975682,7.16,,,,,7.16,
2.126445,0.0,,,,,0.0,
6.280061,7.2250000000000005,,,,,7.67,
2.560992,0.125,,,,,0.0,
6.510548,7.130000000000001,,,,,7.17,
1.8257419,2.725,,,,,0.0,
4.3162227,6.21,,,,,6.46,
1.834443,0.0,,,,,0.0,
5.369124,6.576666666666667,,,,,6.57,
1.639177,0.215,,,,,0.0,
4.523659,5.04,,,,,5.04,
1.8150001,0.31000000000000005,,,,,0.0,
3.1471706,5.115,,,,,5.42,
1.896974,0.0,,,,,0.0,
3.735175,5.180000000000001,,,,,5.2700000000000005,
1.674846,0.025,,,,,0.0,
3.343403,3.6599999999999997,,,,,3.9,
2.03,1.76,,,,,0.0,
4.3106717,5.96,,,,,6.22,
1.366439,0.385,,,,,0.0,
4.507965,6.006666666666667,,,,,6.0,
1.923609,1.41,,,,,0.0,
4.790262,5.54,,,,,5.54,
1.865,0.48,,,,,0.0,
3.9270938,6.1850000000000005,,,,,6.19,
1.978409,0.24500000000000002,,,,,0.0,
4.882211,6.608322916666666,,,,,6.6000000000000005,
2.228007,0.135,,,,,0.0,
4.84913,5.2250000000000005,,,,,5.54,
2.24,0.095,,,,,0.0,
5.2934859,7.36,,,,,7.36,
2.046941,0.23500000000000001,,,,,0.0,
6.036138,7.375,,,,,7.47,
1.884835,0.025,,,,,0.0,
5.71514,6.335,,,,,6.34,
1.295,0.06,,,,,0.0,
3.6947821,5.325,,,,,5.32,
1.690321,0.0,,,,,0.0,
4.860951,6.075020833333333,,,,,6.07,
2.227598,0.0,,,,,0.0,
5.228708,5.9,,,,,5.9,
1.96,0.09,,,,,0.0,
4.0617068,5.96165625,,,,,5.96,
1.869974,0.0050000000000000044,,,,,0.0,
4.908341,6.130000000000001,,,,,6.140000000000001,
2.004172,0.23500000000000001,,,,,0.0,
4.734992,5.345000000000001,,,,,5.37,
2.105,0.0,,,,,0.0,
10.7479524,11.58,,,,,12.59,
2.159612,0.41000000000000003,,,,,0.0,
16.640855,18.76,,,,,18.76,
1.417148,0.46499999999999997,,,,,0.0,
12.924009,13.485,,,,,13.55,
2.2249999,0.0,,,,,0.0,
5.9557268,7.96,,,,,7.96,
2.073945,0.0,,,,,0.0,
7.05999,8.645020833333334,,,,,8.64,
1.798705,0.31000000000000005,,,,,0.0,
6.63138,7.155,,,,,7.2,
1.33,1.12,,,,,0.0,
2.3542024,4.1000000000000005,,,,,4.13,
1.977773,0.215,,,,,0.0,
3.375218,4.590000000000001,,,,,4.63,
1.241715,0.895,,,,,0.0,
2.549211,3.1366666666666667,,,,,3.13,
2.1800001,0.39,,,,,0.0,
7.5913451,8.285,,,,,9.65,
2.836477,2.015,,,,,0.0,
11.422353,12.685020833333333,,,,,12.68,
2.372065,0.0,,,,,0.0,
9.726559,10.295,,,,,10.44,
2.27,0.265,,,,,0.0,
4.1971526,5.680000000000001,,,,,5.89,
2.047548,0.28500000000000003,,,,,0.0,
4.64101,5.840000000000001,,,,,5.94,
1.37959,0.0,,,,,0.0,
3.901582,4.265000000000001,,,,,4.57,
1.64,0.18,,,,,0.0,
3.462748,4.5,,,,,4.89,
1.696452,0.23,,,,,0.0,
4.24506,5.365,,,,,5.64,
2.194375,1.41,,,,,0.0,
4.59092,5.173333333333333,,,,,5.17,
1.9053996,0.0,,,,,0.0,
4.8968631,6.865,,,,,6.890000000000001,
2.355223,0.29500000000000004,,,,,0.0,
6.374996,7.6450000000000005,,,,,7.67,
2.17128,1.935,,,,,0.0,
6.125994,6.495,,,,,6.7700000000000005,
2.0699999,0.17500000000000002,,,,,0.0,
4.2371202,5.665,,,,,6.09,
2.122906,2.3850000000000002,,,,,0.0,
5.237769,6.74165625,,,,,6.74,
2.460581,0.8,,,,,0.0,
5.569692,6.28,,,,,6.3,
1.9299999,0.15,,,,,0.0,
4.7664133,6.0,,,,,6.22,
2.489342,0.535,,,,,0.0,
6.538078,6.260000000000001,,,,,8.14,
1.23949,0.30000000000000004,,,,,0.0,
5.307608,5.86,,,,,5.9,
1.665,0.715,,,,,0.0,
3.9096079,4.8950000000000005,,,,,5.32,
1.980499,1.425,,,,,0.0,
5.007891,6.285,,,,,6.640000000000001,
2.373159,1.485,,,,,0.0,
5.386558,6.08,,,,,6.17,
2.01,1.675,,,,,0.0,
4.7514254,6.428322916666667,,,,,6.42,
1.691156,0.185,,,,,0.0,
5.738338,6.6450000000000005,,,,,7.24,
2.246271,0.12,,,,,0.0,
5.924516,6.44165625,,,,,6.44,
1.645,0.61,,,,,0.0,
3.7847092,5.595020833333334,,,,,5.59,
2.249887,0.05,,,,,0.0,
4.992949,6.74165625,,,,,6.74,
1.897251,1.255,,,,,0.0,
4.713517,5.165,,,,,5.5,
2.2625,0.18,,,,,0.0,
6.1511239,7.926666666666667,,,,,7.92,
2.111532,0.395,,,,,0.0,
8.064274,9.695,,,,,9.84,
1.630168,0.05500000000000001,,,,,0.0,
6.868881,7.345000000000001,,,,,7.47,
2.0350001,0.26,,,,,0.0,
4.9271163,5.995020833333333,,,,,5.99,
2.249884,0.94,,,,,0.0,
6.475283,7.776666666666666,,,,,7.7700000000000005,
2.144483,3.205,,,,,0.0,
5.986813,6.495,,,,,6.57,
1.4,0.15,,,,,0.0,
2.4793787,3.3899999999999997,,,,,3.39,
1.816726,0.12,,,,,0.0,
3.287528,4.745,,,,,4.84,
1.795933,0.195,,,,,0.0,
3.107192,3.7399999999999998,,,,,3.9,
1.785,0.0,,,,,0.0,
4.2115853,5.428322916666667,,,,,5.42,
2.329585,0.38,,,,,0.0,
5.48254,6.84165625,,,,,6.84,
2.08908,0.0,,,,,0.0,
5.098995,5.6066666666666665,,,,,5.6000000000000005,
1.535,0.42500000000000004,,,,,0.0,
4.599049,5.73,,,,,5.89,
2.45085,0.0,,,,,0.0,
6.515281,7.8950000000000005,,,,,8.41,
1.794914,2.2150000000000003,,,,,0.0,
5.909488,6.4350000000000005,,,,,6.54,
1.6636511,0.595,,,,,0.0,
3.7069944,4.73,,,,,4.73,
1.975772,1.125,,,,,0.0,
4.603685,6.2750208333333335,,,,,6.2700000000000005,
1.894396,0.17500000000000002,,,,,0.0,
4.376808,4.755000000000001,,,,,4.84,
1.97,0.215,,,,,0.0,
4.6145919,5.928322916666667,,,,,5.92,
1.720146,0.88,,,,,0.0,
5.301266,7.276666666666666,,,,,7.2700000000000005,
2.370312,0.0,,,,,0.0,
5.631548,5.91,,,,,6.140000000000001,
1.995,0.43500000000000005,,,,,0.0,
4.4200274,5.550000000000001,,,,,5.5600000000000005,
1.547178,0.035,,,,,0.0,
4.671697,6.408322916666667,,,,,6.4,
1.646174,0.065,,,,,0.0,
4.700171,5.306666666666667,,,,,5.3,
2.5550001,0.0,,,,,0.0,
7.6740558,9.275,,,,,9.42,
1.791637,0.09,,,,,0.0,
9.164172,10.315,,,,,10.78,
2.201065,0.11499999999999999,,,,,0.0,
9.00356,9.52,,,,,9.78,
2.75,0.495,,,,,0.0,
6.5255426,8.049999999999999,,,,,8.06,
2.552472,0.0,,,,,0.0,
7.484803,8.424999999999999,,,,,8.77,
2.234776,0.0,,,,,0.0,
6.899419,7.345000000000001,,,,,7.51,
1.265,0.44000000000000006,,,,,0.0,
2.8426952,3.93,,,,,3.93,
2.332552,0.24500000000000002,,,,,0.0,
4.438376,5.806666666666667,,,,,5.8,
1.698742,0.885,,,,,0.0,
3.78023,4.3100000000000005,,,,,4.37,
1.22,0.24500000000000002,,,,,0.0,
3.4880053,4.5600000000000005,,,,,4.73,
2.201549,0.12,,,,,0.0,
5.202714,5.655,,,,,6.2,
1.955556,0.0,,,,,0.0,
4.981088,5.575020833333333,,,,,5.57,
2.4000001,1.935,,,,,0.0,
4.8824303,6.428322916666667,,,,,6.42,
1.494736,0.26,,,,,0.0,
4.805264,6.035,,,,,6.04,
1.69866,0.0,,,,,0.0,
4.895694,5.095000000000001,,,,,5.44,
1.9299999,0.095,,,,,0.0,
5.2138283,6.1000000000000005,,,,,7.19,
2.038119,0.545,,,,,0.0,
6.628903,6.25,,,,,8.17,
2.311024,0.37,,,,,0.0,
6.804535,7.343333333333334,,,,,7.34,
2.6949999,0.015,,,,,0.0,
6.0997766,7.875,,,,,8.19,
2.13981,0.355,,,,,0.0,
7.462443,8.61165625,,,,,8.61,
2.038831,0.0,,,,,0.0,
6.639909,6.680000000000001,,,,,7.24,
2.78,1.315,,,,,0.0,
6.9457574,5.9750000000000005,,,,,9.15,
1.86576,2.165,,,,,0.0,
7.241923,7.335,,,,,8.57,
2.112812,0.2,,,,,0.0,
7.494361,8.01165625,,,,,8.01,
1.65,0.135,,,,,0.0,
3.0200514,4.5633333333333335,,,,,4.5600000000000005,
1.536508,0.195,,,,,0.0,
3.414646,4.9750000000000005,,,,,5.0,
1.614422,0.625,,,,,0.0,
3.322449,3.87165625,,,,,3.87,
1.975,0.15,,,,,0.0,
4.7628051,6.495020833333333,,,,,6.49,
2.141125,0.185,,,,,0.0,
5.872306,7.008322916666667,,,,,7.0,
1.812993,0.72,,,,,0.0,
5.526175,5.945,,,,,6.17,
2.875,0.0,,,,,0.0,
5.9637758,7.793333333333333,,,,,7.79,
1.98851,0.27,,,,,0.0,
6.177887,7.2700000000000005,,,,,7.54,
1.795988,0.11000000000000001,,,,,0.0,
5.809819,6.2750208333333335,,,,,6.2700000000000005,
2.085,0.20500000000000002,,,,,0.0,
9.816763,11.245,,,,,11.950000000000001,
2.420865,0.275,,,,,0.0,
15.493378,16.565,,,,,16.990000000000002,
2.056619,2.2100000000000004,,,,,0.0,
12.222222,12.783333333333333,,,,,12.780000000000001,
1.785,0.14,,,,,0.0,
5.4022866,7.26,,,,,7.26,
1.812704,0.485,,,,,0.0,
7.13303,8.678322916666668,,,,,8.67,
1.553099,0.765,,,,,0.0,
6.17187,6.71,,,,,6.71,
1.5301483,0.155,,,,,0.0,
3.5498996,5.15,,,,,5.39,
1.623776,0.0,,,,,0.0,
4.227241,5.19,,,,,5.57,
2.370103,0.77,,,,,0.0,
4.937033,5.365,,,,,5.54,
2.105,0.155,,,,,0.0,
5.3,6.528322916666666,,,,,6.5200000000000005,
1.525247,0.32000000000000006,,,,,0.0,
6.508208,7.71,,,,,7.71,
1.371192,1.28,,,,,0.0,
5.68994,6.15,,,,,6.3,
1.5650001,0.25,,,,,0.0,
3.2690162,4.455,,,,,4.53,
1.751815,0.545,,,,,0.0,
4.147221,5.675000000000001,,,,,5.8,
1.879923,0.010000000000000002,,,,,0.0,
4.154775,4.673333333333333,,,,,4.67,
1.8940199,0.0,,,,,0.0,
3.4688542,5.2283229166666665,,,,,5.22,
1.833395,0.085,,,,,0.0,
3.98418,5.485,,,,,5.54,
1.854607,1.0,,,,,0.0,
3.825075,4.355,,,,,4.37,
1.73,0.17500000000000002,,,,,0.0,
4.2196344,6.028322916666666,,,,,6.0200000000000005,
2.466098,0.225,,,,,0.0,
5.829623,6.843333333333334,,,,,6.84,
1.769953,0.265,,,,,0.0,
4.848814,5.12,,,,,5.2700000000000005,
2.4019414,0.0,,,,,0.0,
7.8861061,8.325,,,,,9.35,
1.760403,0.735,,,,,0.0,
10.800964,12.02,,,,,12.41,
2.516392,0.0,,,,,0.0,
9.987296,9.754999999999999,,,,,10.48,
1.465,0.275,,,,,0.0,
3.643246,6.195020833333333,,,,,6.19,
1.991683,0.09,,,,,0.0,
4.994857,6.44165625,,,,,6.44,
1.903647,0.12,,,,,0.0,
4.794658,5.44,,,,,5.44,
1.595,1.1,,,,,0.0,
5.0636723,6.275,,,,,6.32,
1.924391,0.0,,,,,0.0,
7.723414,9.278322916666667,,,,,9.27,
1.552217,0.22,,,,,0.0,
6.00969,6.54165625,,,,,6.54,
1.8200001,0.0,,,,,0.0,
3.9146039,5.485,,,,,5.5200000000000005,
1.829564,0.865,,,,,0.0,
4.617796,6.308322916666667,,,,,6.3,
2.289319,0.33999999999999997,,,,,0.0,
4.827743,5.32,,,,,5.47,
1.51,0.17500000000000002,,,,,0.0,
3.2837265,4.263333333333334,,,,,4.26,
1.995465,0.28500000000000003,,,,,0.0,
4.478952,5.795,,,,,5.94,
1.919954,0.545,,,,,0.0,
4.240363,4.695,,,,,4.7700000000000005,
2.175,0.0,,,,,0.0,
3.9173794,5.495020833333333,,,,,5.49,
2.75873,0.11000000000000001,,,,,0.0,
5.083447,6.44165625,,,,,6.44,
2.516475,0.18,,,,,0.0,
4.724447,5.206666666666667,,,,,5.2,
1.595,0.44999999999999996,,,,,0.0,
3.4544214,4.863333333333333,,,,,4.86,
1.780952,0.19,,,,,0.0,
4.158885,5.405,,,,,5.44,
1.819526,0.14,,,,,0.0,
4.171357,4.67165625,,,,,4.67,
2.1025,0.36,,,,,0.0,
4.2501652,5.428322916666667,,,,,5.42,
1.765194,0.11000000000000001,,,,,0.0,
4.542557,5.806666666666667,,,,,5.8,
1.80307,0.89,,,,,0.0,
4.496946,4.99,,,,,5.07,
1.715,0.14,,,,,0.0,
3.8865711,5.005000000000001,,,,,5.03,
1.322148,0.35,,,,,0.0,
4.197865,5.34,,,,,5.34,
1.990985,0.0,,,,,0.0,
4.645504,5.0200000000000005,,,,,5.2,
1.355,0.095,,,,,0.0,
2.8265971,3.6633333333333336,,,,,3.66,
1.938061,0.095,,,,,0.0,
3.989779,5.365,,,,,5.57,
1.682975,0.185,,,,,0.0,
3.566497,5.373333333333333,,,,,5.37,
1.1175,0.065,,,,,0.0,
2.6528491,3.565,,,,,3.66,
2.171431,0.67,,,,,0.0,
4.264899,5.406666666666666,,,,,5.4,
1.633024,0.31000000000000005,,,,,0.0,
3.581222,3.915,,,,,3.97,
0.965,0.26,,,,,0.0,
2.5087992,3.296666666666667,,,,,3.29,
2.033091,1.26,,,,,0.0,
4.36313,5.84,,,,,5.84,
1.770352,0.795,,,,,0.0,
3.902172,4.338322916666667,,,,,4.33,
1.1,0.0,,,,,0.0,
2.7608171,3.3249999999999997,,,,,3.56,
2.039284,0.18,,,,,0.0,
4.099175,5.3500000000000005,,,,,5.37,
1.985887,0.0050000000000000044,,,,,0.0,
4.027887,4.705020833333333,,,,,4.7,
1.61,0.17,,,,,0.0,
3.8479912,4.73,,,,,4.73,
1.80581,1.345,,,,,0.0,
5.163654,6.25,,,,,6.67,
1.961376,0.31500000000000006,,,,,0.0,
4.98248,5.545,,,,,5.64,
1.865,0.735,,,,,0.0,
3.9051671,4.73,,,,,4.73,
2.413816,2.37,,,,,0.0,
5.296349,6.260000000000001,,,,,6.6000000000000005,
2.228057,0.19,,,,,0.0,
4.86507,5.235,,,,,5.2700000000000005,
1.23,0.0,,,,,0.0,
3.95,4.63,,,,,4.63,
1.830839,0.04000000000000001,,,,,0.0,
5.604939,6.78,,,,,7.07,
1.231085,0.73,,,,,0.0,
4.648305,4.785,,,,,5.0,
1.2967264,0.26,,,,,0.0,
3.4055722,4.463333333333333,,,,,4.46,
1.770975,0.035,,,,,0.0,
4.563035,5.808322916666667,,,,,5.8,
1.711111,0.085,,,,,0.0,
4.330159,4.535,,,,,4.87,
2.03,0.30000000000000004,,,,,0.0,
5.4342052,6.795020833333333,,,,,6.79,
2.219873,0.09,,,,,0.0,
6.940875,7.260000000000001,,,,,7.91,
1.67619,0.0,,,,,0.0,
6.345578,6.785,,,,,6.87,
1.52,0.46499999999999997,,,,,0.0,
4.9823493,5.805000000000001,,,,,6.26,
2.745465,0.615,,,,,0.0,
7.53226,6.1000000000000005,,,,,8.84,
1.812699,0.10500000000000001,,,,,0.0,
6.086168,6.776666666666666,,,,,6.7700000000000005,
1.335,0.585,,,,,0.0,
3.0425332,4.096666666666667,,,,,4.09,
1.906043,0.10500000000000001,,,,,0.0,
4.428042,5.695,,,,,5.7,
1.664828,0.225,,,,,0.0,
3.84963,4.405020833333333,,,,,4.4,
1.1651664,0.28500000000000003,,,,,0.0,
3.1085907,3.94,,,,,3.99,
2.485924,0.065,,,,,0.0,
5.240085,6.44165625,,,,,6.44,
1.931494,0.155,,,,,0.0,
4.25034,4.82,,,,,4.84,
1.575,0.0,,,,,0.0,
3.8124645,4.61,,,,,4.83,
2.514904,0.72,,,,,0.0,
5.518172,6.995,,,,,7.04,
2.727664,0.0,,,,,0.0,
5.480059,5.74,,,,,5.74,
1.8099999,0.57,,,,,0.0,
5.054513,5.755000000000001,,,,,5.96,
2.215369,0.24000000000000002,,,,,0.0,
6.688924,8.44,,,,,8.44,
2.128496,3.4250000000000003,,,,,0.0,
6.346293,6.41,,,,,6.71,
1.37,0.015,,,,,0.0,
2.7921806,3.6149999999999998,,,,,3.79,
2.230813,0.84,,,,,0.0,
4.235374,5.090000000000001,,,,,5.44,
1.581632,0.17,,,,,0.0,
3.362646,3.895,,,,,3.9,
2.28,0.18,,,,,0.0,
6.1128216,6.125,,,,,7.0600000000000005,
1.526661,0.25,,,,,0.0,
7.256232,9.213333333333333,,,,,9.21,
1.575629,0.0,,,,,0.0,
6.2417,6.795000000000001,,,,,6.8100000000000005,
1.59,0.735,,,,,0.0,
3.1124765,4.66,,,,,4.73,
1.389925,1.76,,,,,0.0,
3.34932,4.6850000000000005,,,,,4.7,
1.509897,1.01,,,,,0.0,
3.525334,4.038322916666667,,,,,4.03,
1.455,0.08,,,,,0.0,
3.1080356,4.23,,,,,4.23,
2.070936,1.58,,,,,0.0,
4.359433,5.590000000000001,,,,,5.64,
1.960185,0.535,,,,,0.0,
4.065449,4.65,,,,,4.67,
1.35,0.22,,,,,0.0,
3.4136212,4.0200000000000005,,,,,4.16,
1.947279,1.11,,,,,0.0,
4.690573,6.04165625,,,,,6.04,
2.236931,0.395,,,,,0.0,
4.821956,5.44,,,,,5.44,
1.7,0.91,,,,,0.0,
4.1130541,5.095020833333334,,,,,5.09,
1.42473,0.19,,,,,0.0,
4.578621,5.94,,,,,6.07,
1.92286,0.11000000000000001,,,,,0.0,
4.962481,5.29,,,,,5.3,
1.2381628,0.17,,,,,0.0,
7.7356725,8.993333333333334,,,,,8.99,
1.985488,2.4250000000000003,,,,,0.0,
11.464181,12.53,,,,,12.780000000000001,
1.818821,0.125,,,,,0.0,
10.964358,11.389999999999999,,,,,11.540000000000001,
1.5764996,0.135,,,,,0.0,
4.4655461,5.56165625,,,,,5.5600000000000005,
2.248962,0.75,,,,,0.0,
6.391475,8.209999999999999,,,,,8.27,
1.525159,0.345,,,,,0.0,
5.356532,5.873333333333333,,,,,5.87,
1.755,0.365,,,,,0.0,
4.6381839,5.828322916666667,,,,,5.82,
2.004099,0.0,,,,,0.0,
5.904655,7.41,,,,,7.41,
1.885262,0.17,,,,,0.0,
5.607256,5.79,,,,,6.04,
1.2625,0.8049999999999999,,,,,0.0,
4.40726,5.180000000000001,,,,,5.29,
1.982249,0.0,,,,,0.0,
6.621106,7.960000000000001,,,,,7.97,
1.661361,0.89,,,,,0.0,
5.825462,6.308322916666667,,,,,6.3,
1.4194047,0.0,,,,,0.0,
6.805,7.3100000000000005,,,,,8.120000000000001,
1.566289,0.21,,,,,0.0,
9.140502,10.65,,,,,10.81,
2.072679,0.0,,,,,0.0,
8.964049,9.51165625,,,,,9.51,
1.4,0.15,,,,,0.0,
3.8582607,4.93,,,,,4.93,
1.997473,2.0650000000000004,,,,,0.0,
5.323471,6.575020833333333,,,,,6.57,
1.913044,0.39,,,,,0.0,
5.094027,5.705,,,,,5.7,
2.0450001,0.33499999999999996,,,,,0.0,
4.0031432,5.215000000000001,,,,,5.26,
2.035502,0.95,,,,,0.0,
4.746506,6.208322916666667,,,,,6.2,
1.181607,0.37,,,,,0.0,
3.636735,4.090000000000001,,,,,4.1,
1.4033067,0.36,,,,,0.0,
2.925961,3.695,,,,,3.96,
1.810884,0.45999999999999996,,,,,0.0,
3.855153,5.173333333333333,,,,,5.17,
1.49161,0.24000000000000002,,,,,0.0,
3.491846,4.16,,,,,4.17,
2.0450001,0.17,,,,,0.0,
5.6160022,6.86165625,,,,,6.86,
2.259268,0.0,,,,,0.0,
7.617009,9.278322916666667,,,,,9.27,
1.543249,0.41000000000000003,,,,,0.0,
6.185341,6.8500000000000005,,,,,6.91,
2.4521785,0.0,,,,,0.0,
6.7345398,7.535,,,,,7.72,
1.807517,0.0,,,,,0.0,
8.365283,9.639999999999999,,,,,9.84,
2.060317,0.0,,,,,0.0,
7.703963,8.378322916666667,,,,,8.370000000000001,
1.76,0.18,,,,,0.0,
4.5798978,5.828322916666667,,,,,5.82,
1.832038,2.29,,,,,0.0,
5.670954,6.1850000000000005,,,,,7.01,
1.81223,0.185,,,,,0.0,
5.570257,5.855,,,,,6.17,
1.6417245,0.365,,,,,0.0,
3.5598915,4.43,,,,,4.43,
2.308982,1.52,,,,,0.0,
4.778028,6.105,,,,,6.24,
2.481195,0.43500000000000005,,,,,0.0,
4.834014,5.373333333333333,,,,,5.37,
1.4460498,0.035,,,,,0.0,
3.902114,4.755000000000001,,,,,4.89,
2.281133,0.4,,,,,0.0,
5.694434,6.985,,,,,7.01,
2.039232,0.07,,,,,0.0,
5.18199,5.6850000000000005,,,,,5.7700000000000005,
1.75,0.215,,,,,0.0,
4.365072,5.15,,,,,5.22,
1.748287,0.2,,,,,0.0,
5.188673,6.508322916666667,,,,,6.5,
2.032989,0.25,,,,,0.0,
5.485438,5.805000000000001,,,,,5.87,
1.155,0.26,,,,,0.0,
2.49964,3.0749999999999997,,,,,3.16,
2.337404,0.25,,,,,0.0,
4.075013,5.195,,,,,5.4,
1.823694,0.37,,,,,0.0,
3.46243,3.97165625,,,,,3.97,
1.21,0.39,,,,,0.0,
4.0542129,4.71,,,,,4.79,
2.111642,0.17500000000000002,,,,,0.0,
5.757728,7.11,,,,,7.11,
1.964837,0.0,,,,,0.0,
5.394827,5.815,,,,,5.9,
1.8200001,0.71,,,,,0.0,
6.6870782,6.505000000000001,,,,,7.62,
2.044519,1.105,,,,,0.0,
9.807248,10.545,,,,,11.08,
1.961573,0.0,,,,,0.0,
7.983465,8.434999999999999,,,,,8.540000000000001,
1.495,0.095,,,,,0.0,
3.204624,4.065,,,,,4.33,
1.960322,0.755,,,,,0.0,
4.143872,5.015000000000001,,,,,5.34,
1.959186,0.37,,,,,0.0,
4.089033,4.295,,,,,4.57,
1.2,0.32499999999999996,,,,,0.0,
2.886271,3.63,,,,,3.63,
1.85285,0.275,,,,,0.0,
4.160544,5.34,,,,,5.34,
2.133041,0.485,,,,,0.0,
4.239027,4.74,,,,,4.74,
1.16,0.28500000000000003,,,,,0.0,
3.3367391,4.095000000000001,,,,,4.09,
2.466121,0.155,,,,,0.0,
5.396372,7.31,,,,,7.3100000000000005,
1.859058,0.045,,,,,0.0,
4.721876,5.17,,,,,5.2700000000000005,
1.765,0.195,,,,,0.0,
5.0758846,5.995020833333333,,,,,5.99,
2.334245,0.155,,,,,0.0,
6.623261,8.078322916666666,,,,,8.07,
1.671238,0.11499999999999999,,,,,0.0,
5.815112,6.008322916666667,,,,,6.0,
2.625,0.03,,,,,0.0,
5.7458969,6.66165625,,,,,6.66,
2.254743,0.07,,,,,0.0,
5.986395,7.6433333333333335,,,,,7.640000000000001,
2.005167,0.0,,,,,0.0,
5.718664,6.055000000000001,,,,,6.24,
1.4450001,0.27,,,,,0.0,
4.7195068,5.46165625,,,,,5.46,
3.085496,0.185,,,,,0.0,
7.273903,8.81165625,,,,,8.81,
2.160237,0.23,,,,,0.0,
6.246428,6.908322916666667,,,,,6.9,
1.32,0.015,,,,,0.0,
4.2054792,5.128322916666667,,,,,5.12,
2.070028,0.87,,,,,0.0,
6.426006,6.220000000000001,,,,,7.7700000000000005,
1.699578,0.0,,,,,0.0,
5.726414,5.58,,,,,6.2700000000000005,
1.355,0.0,,,,,0.0,
2.8551851,3.4633333333333334,,,,,3.46,
1.82585,0.5599999999999999,,,,,0.0,
3.726531,5.006666666666667,,,,,5.0,
2.119585,0.23500000000000001,,,,,0.0,
3.904306,4.2,,,,,4.47,
1.24,0.14,,,,,0.0,
3.0985988,3.455,,,,,3.56,
2.564172,0.0,,,,,0.0,
5.008212,6.2750208333333335,,,,,6.2700000000000005,
2.23962,0.515,,,,,0.0,
4.699027,5.385000000000001,,,,,5.64,
1.765,0.0,,,,,0.0,
4.0991765,4.83,,,,,4.83,
2.052816,0.17500000000000002,,,,,0.0,
4.996749,6.155,,,,,6.2,
2.048107,0.0,,,,,0.0,
4.916676,5.105,,,,,5.47,
1.0725,0.09,,,,,0.0,
6.8511119,7.445,,,,,7.46,
1.649852,0.5499999999999999,,,,,0.0,
10.907597,11.785,,,,,12.48,
2.099971,0.0,,,,,0.0,
10.042177,10.355,,,,,10.58,
1.25,1.305,,,,,0.0,
5.375,5.945,,,,,6.0200000000000005,
2.002924,0.255,,,,,0.0,
8.285222,9.913333333333334,,,,,9.91,
2.27628,0.275,,,,,0.0,
8.115322,8.61165625,,,,,8.61,
1.3583431,0.06,,,,,0.0,
4.2757,5.0633333333333335,,,,,5.0600000000000005,
1.933356,0.0,,,,,0.0,
5.536088,7.01,,,,,7.01,
2.251698,0.195,,,,,0.0,
5.996372,6.325,,,,,6.57,
1.015,0.20500000000000002,,,,,0.0,
2.1396541,2.82,,,,,2.83,
1.560383,0.065,,,,,0.0,
3.107832,4.0,,,,,4.17,
1.375623,0.265,,,,,0.0,
2.792235,3.195,,,,,3.27,
0.97,0.29500000000000004,,,,,0.0,
2.6700574,3.263333333333333,,,,,3.2600000000000002,
1.948624,0.0,,,,,0.0,
4.203187,5.335,,,,,5.34,
1.620505,0.57,,,,,0.0,
3.866213,4.1850000000000005,,,,,4.37,
1.2281709,0.09,,,,,0.0,
3.4510908,4.01,,,,,4.19,
1.850708,0.0,,,,,0.0,
4.913277,6.54165625,,,,,6.54,
2.073914,0.0,,,,,0.0,
4.989498,5.050000000000001,,,,,5.4,
0.935,0.045,,,,,0.0,
3.2029587,3.6966666666666668,,,,,3.69,
2.125123,0.085,,,,,0.0,
5.365179,6.760000000000001,,,,,6.7700000000000005,
1.855224,0.06,,,,,0.0,
4.777064,5.125,,,,,5.3,
1.475,0.0,,,,,0.0,
3.5393526,3.9966666666666666,,,,,3.99,
2.343879,1.9749999999999999,,,,,0.0,
5.039589,6.245,,,,,6.37,
2.319334,0.5549999999999999,,,,,0.0,
5.142049,5.64,,,,,5.64,
1.24,0.11499999999999999,,,,,0.0,
3.6514839,4.055000000000001,,,,,4.13,
2.365449,0.045,,,,,0.0,
5.674643,6.805000000000001,,,,,6.91,
1.542842,1.11,,,,,0.0,
4.990037,5.355,,,,,5.5,
1.0402677,0.32000000000000006,,,,,0.0,
8.145,8.926666666666666,,,,,8.92,
2.48398,0.03,,,,,0.0,
12.880895,14.253333333333334,,,,,14.25,
1.711192,0.65,,,,,0.0,
11.961004,12.375,,,,,12.51,
1.66,0.0,,,,,0.0,
3.715,4.263333333333334,,,,,4.26,
1.3986,1.11,,,,,0.0,
4.174094,5.445,,,,,5.47,
1.912932,0.405,,,,,0.0,
4.637151,5.04,,,,,5.04,
1.585,0.0,,,,,0.0,
3.959845,4.67,,,,,4.86,
1.637077,0.23500000000000001,,,,,0.0,
4.700389,5.675000000000001,,,,,6.1000000000000005,
1.571429,0.0,,,,,0.0,
4.767882,5.406666666666666,,,,,5.4,
1.715,0.32999999999999996,,,,,0.0,
3.7766602,4.963333333333333,,,,,4.96,
2.177704,1.94,,,,,0.0,
4.972158,6.2750208333333335,,,,,6.2700000000000005,
1.618608,0.32000000000000006,,,,,0.0,
4.315637,4.755000000000001,,,,,4.97,
1.605,0.065,,,,,0.0,
3.965,3.935,,,,,4.69,
2.313542,0.185,,,,,0.0,
5.308085,6.695,,,,,6.7,
1.873674,0.08,,,,,0.0,
4.931917,5.295,,,,,5.64,
1.6950001,0.33999999999999997,,,,,0.0,
5.230759,5.9750000000000005,,,,,6.09,
2.199976,0.505,,,,,0.0,
6.947677,8.235,,,,,8.57,
2.117563,0.195,,,,,0.0,
7.002401,7.425000000000001,,,,,7.44,
1.24,0.13,,,,,0.0,
2.7852418,2.76,,,,,3.2600000000000002,
1.795918,0.0,,,,,0.0,
3.995362,5.273333333333333,,,,,5.2700000000000005,
1.950853,0.28500000000000003,,,,,0.0,
4.245351,4.755000000000001,,,,,4.84,
1.36,0.4,,,,,0.0,
3.9348652,4.2250000000000005,,,,,4.43,
2.32449,0.28,,,,,0.0,
5.641409,7.076666666666667,,,,,7.07,
1.705304,0.33999999999999997,,,,,0.0,
5.129296,5.430000000000001,,,,,5.54,
1.26,0.33999999999999997,,,,,0.0,
3.0247698,3.67,,,,,3.73,
2.346376,0.31000000000000005,,,,,0.0,
4.790202,6.175020833333333,,,,,6.17,
2.112718,0.0,,,,,0.0,
4.485882,4.845000000000001,,,,,4.94,
1.1149294,0.0,,,,,0.0,
2.8912669,3.4499999999999997,,,,,3.49,
2.044675,0.32000000000000006,,,,,0.0,
4.509941,5.908322916666667,,,,,5.9,
1.999188,0.575,,,,,0.0,
4.414966,4.87,,,,,5.17,
1.455,0.26,,,,,0.0,
3.601802,5.595020833333334,,,,,5.59,
1.879726,0.185,,,,,0.0,
4.673124,5.908322916666667,,,,,5.9,
2.050626,0.66,,,,,0.0,
4.785491,5.32,,,,,5.34,
1.51,0.275,,,,,0.0,
4.8599485,5.275,,,,,5.72,
1.792049,1.64,,,,,0.0,
6.37897,6.915,,,,,7.8100000000000005,
1.773105,2.7950000000000004,,,,,0.0,
6.085288,6.28,,,,,6.67,
1.54,0.5,,,,,0.0,
6.9496431,8.06,,,,,8.06,
2.178124,0.14,,,,,0.0,
11.386212,13.05165625,,,,,13.05,
1.989517,1.36,,,,,0.0,
9.363892,5.6850000000000005,,,,,10.01,
1.36,0.045,,,,,0.0,
4.0772498,4.735,,,,,4.86,
1.750862,0.62,,,,,0.0,
5.447619,7.14165625,,,,,7.140000000000001,
1.723927,0.6849999999999999,,,,,0.0,
5.300996,5.835,,,,,5.87,
0.83,0.065,,,,,0.0,
1.6669818,2.31,,,,,2.46,
1.902037,0.2,,,,,0.0,
3.068478,3.925,,,,,4.33,
1.345925,0.0,,,,,0.0,
2.394293,3.1383229166666666,,,,,3.13,
1.5650001,0.17500000000000002,,,,,0.0,
3.8135747,4.550000000000001,,,,,4.76,
2.194687,0.07,,,,,0.0,
4.932213,6.7,,,,,6.7,
2.360164,0.32499999999999996,,,,,0.0,
5.274925,7.343333333333334,,,,,7.34,
1.175,0.22,,,,,0.0,
4.0556007,4.565,,,,,4.99,
1.535528,0.23,,,,,0.0,
5.103401,6.54165625,,,,,6.54,
1.978991,0.46499999999999997,,,,,0.0,
5.642027,6.165,,,,,6.17,
1.715,0.15,,,,,0.0,
7.2238653,8.06,,,,,8.06,
1.84059,0.945,,,,,0.0,
9.982313,12.02,,,,,12.11,
1.916304,0.09,,,,,0.0,
8.849768,6.180000000000001,,,,,9.58,
1.6395041,0.215,,,,,0.0,
4.1557972,5.0200000000000005,,,,,5.09,
2.219539,0.0,,,,,0.0,
5.553187,7.476666666666667,,,,,7.47,
2.075324,0.26,,,,,0.0,
5.417071,6.03,,,,,6.04,
1.46,0.345,,,,,0.0,
3.2065668,3.8899999999999997,,,,,3.89,
2.663946,0.0,,,,,0.0,
4.968707,6.376666666666667,,,,,6.37,
1.708342,1.585,,,,,0.0,
3.987107,4.605020833333334,,,,,4.6000000000000005,
1.58,0.045,,,,,0.0,
2.8213236,3.3,,,,,3.43,
1.770975,0.0,,,,,0.0,
3.410614,4.515000000000001,,,,,4.84,
2.523258,0.06,,,,,0.0,
4.178123,4.58,,,,,4.73,
2.06,0.255,,,,,0.0,
3.9251509,4.6450000000000005,,,,,4.69,
1.710884,0.22,,,,,0.0,
4.126468,5.54165625,,,,,5.54,
2.31378,1.1,,,,,0.0,
4.642117,5.090000000000001,,,,,5.1000000000000005,
1.905,0.17,,,,,0.0,
7.4012215,8.493333333333334,,,,,8.49,
1.726077,0.0,,,,,0.0,
9.188871,9.946666666666667,,,,,9.94,
1.78427,0.0,,,,,0.0,
9.081825,9.565,,,,,9.64,
1.56,0.215,,,,,0.0,
3.5002176,4.1450000000000005,,,,,4.19,
2.221253,2.6700000000000004,,,,,0.0,
4.840248,6.475020833333334,,,,,6.47,
1.80871,0.0,,,,,0.0,
4.434749,5.04,,,,,5.04,
2.4,0.43500000000000005,,,,,0.0,
4.5188362,5.125,,,,,5.12,
2.270151,0.225,,,,,0.0,
5.154019,6.91,,,,,6.91,
1.715014,0.015,,,,,0.0,
4.459075,5.1066666666666665,,,,,5.1000000000000005,
1.2337219,0.41500000000000004,,,,,0.0,
3.9279264,4.83,,,,,4.83,
2.359787,0.0,,,,,0.0,
6.614321,7.175000000000001,,,,,7.97,
1.910229,0.09,,,,,0.0,
5.681251,6.308322916666667,,,,,6.3,
1.75,0.605,,,,,0.0,
4.3128921,5.375,,,,,5.39,
2.299546,0.19,,,,,0.0,
5.780568,7.550000000000001,,,,,7.61,
1.686002,0.035,,,,,0.0,
5.052402,5.806666666666667,,,,,5.8,
1.565,0.835,,,,,0.0,
7.3515395,8.293333333333333,,,,,8.290000000000001,
2.604574,0.5599999999999999,,,,,0.0,
12.35889,13.795,,,,,13.85,
1.769672,0.03,,,,,0.0,
9.449219,8.62,,,,,9.98,
2.27,1.13,,,,,0.0,
4.646788,5.48,,,,,5.72,
2.35129,2.1350000000000002,,,,,0.0,
5.38479,6.195,,,,,6.71,
1.856049,0.53,,,,,0.0,
4.738671,5.7750208333333335,,,,,5.7700000000000005,
1.8360114,0.0,,,,,0.0,
7.7784156,8.93,,,,,9.02,
1.585101,0.0,,,,,0.0,
10.269789,11.379999999999999,,,,,11.78,
2.282629,0.66,,,,,0.0,
9.748382,7.825,,,,,10.34,
1.375,0.6849999999999999,,,,,0.0,
3.1738156,4.13,,,,,4.13,
1.844728,0.165,,,,,0.0,
4.13334,5.345000000000001,,,,,5.57,
1.922475,0.0,,,,,0.0,
4.113729,5.04,,,,,5.04,
1.6270142,0.0,,,,,0.0,
3.0500271,3.75,,,,,3.83,
1.746114,0.29500000000000004,,,,,0.0,
3.681343,4.9,,,,,5.4,
1.820862,0.28500000000000003,,,,,0.0,
3.650658,4.138322916666667,,,,,4.13,
2.165,0.945,,,,,0.0,
5.2512979,6.4750000000000005,,,,,6.59,
2.221613,0.010000000000000002,,,,,0.0,
6.22185,6.985,,,,,8.21,
1.780952,1.125,,,,,0.0,
5.587314,6.008322916666667,,,,,6.0,
1.13,0.31500000000000006,,,,,0.0,
2.928459,3.296666666666667,,,,,3.29,
1.957503,0.35,,,,,0.0,
4.479005,5.706666666666667,,,,,5.7,
2.105215,0.845,,,,,0.0,
4.383198,4.83,,,,,5.07,
1.265,0.765,,,,,0.0,
3.2595794,3.565,,,,,3.79,
1.981136,0.14500000000000002,,,,,0.0,
4.678267,5.74,,,,,5.74,
1.746032,0.945,,,,,0.0,
4.414655,5.038322916666667,,,,,5.03,
1.175,0.085,,,,,0.0,
2.739168,3.9633333333333334,,,,,3.96,
1.682297,0.365,,,,,0.0,
3.799573,4.745,,,,,4.7700000000000005,
1.780141,0.45499999999999996,,,,,0.0,
3.756463,4.605020833333334,,,,,4.6000000000000005,
1.3930372,0.73,,,,,0.0,
4.8135972,6.06165625,,,,,6.0600000000000005,
2.068556,0.0,,,,,0.0,
7.394557,9.244989583333334,,,,,9.24,
1.767196,0.665,,,,,0.0,
6.393472,6.976666666666667,,,,,6.97,
1.83,0.5,,,,,0.0,
3.9853798,4.7,,,,,4.93,
1.999042,0.025,,,,,0.0,
4.927418,6.34165625,,,,,6.34,
2.040363,0.085,,,,,0.0,
4.764948,5.1000000000000005,,,,,5.54,
1.535,0.375,,,,,0.0,
6.1205931,7.226666666666667,,,,,7.22,
2.329952,0.16,,,,,0.0,
8.555087,9.91165625,,,,,9.91,
1.890963,0.12,,,,,0.0,
7.898945,6.175000000000001,,,,,8.44,
1.59,0.265,,,,,0.0,
6.7023436,7.71,,,,,7.79,
1.686168,0.020000000000000004,,,,,0.0,
9.836286,10.27,,,,,11.14,
2.271083,1.45,,,,,0.0,
8.709909,8.924999999999999,,,,,9.370000000000001,
1.515,0.0,,,,,0.0,
3.2415385,3.8049999999999997,,,,,4.19,
2.115193,0.45999999999999996,,,,,0.0,
4.584761,5.66,,,,,5.8,
2.615811,0.21,,,,,0.0,
5.002055,5.54165625,,,,,5.54,
2.1099999,0.03,,,,,0.0,
4.4158641,5.195020833333333,,,,,5.19,
1.724097,0.0,,,,,0.0,
5.390216,6.670000000000001,,,,,6.74,
1.806823,0.29000000000000004,,,,,0.0,
5.175304,5.69,,,,,5.9,
1.535,0.14500000000000002,,,,,0.0,
3.0752844,3.28,,,,,3.73,
1.690472,0.195,,,,,0.0,
3.737435,5.14,,,,,5.14,
2.221125,0.405,,,,,0.0,
4.219514,5.14,,,,,5.14,
1.235,0.10500000000000001,,,,,0.0,
3.102207,3.645,,,,,3.69,
1.431263,0.18,,,,,0.0,
3.976056,5.006666666666667,,,,,5.0,
1.899262,0.215,,,,,0.0,
4.306241,4.773333333333333,,,,,4.7700000000000005,
1.29,0.215,,,,,0.0,
2.925,3.3049999999999997,,,,,3.46,
1.52026,0.14500000000000002,,,,,0.0,
3.902382,5.473333333333334,,,,,5.47,
2.329859,0.035,,,,,0.0,
4.487766,4.695,,,,,5.0,
0.925,0.17500000000000002,,,,,0.0,
2.2623324,2.57,,,,,2.86,
1.676406,0.33499999999999996,,,,,0.0,
3.530495,4.405,,,,,4.9,
1.955556,0.095,,,,,0.0,
3.632173,4.17,,,,,4.4,
1.9950491,0.535,,,,,0.0,
5.4347603,6.2283229166666665,,,,,6.22,
1.986081,0.665,,,,,0.0,
6.835022,7.775,,,,,8.370000000000001,
2.343001,0.010000000000000002,,,,,0.0,
6.920009,7.2700000000000005,,,,,7.41,
1.58,0.0,,,,,0.0,
4.4375133,5.03,,,,,5.16,
1.674525,0.23,,,,,0.0,
5.300588,6.49,,,,,7.01,
2.04851,0.28500000000000003,,,,,0.0,
5.607413,6.045000000000001,,,,,6.07,
1.6799999,1.905,,,,,0.0,
5.2485224,6.265000000000001,,,,,6.32,
1.661382,0.0,,,,,0.0,
7.445807,8.174999999999999,,,,,8.81,
2.267721,0.62,,,,,0.0,
7.019102,7.525,,,,,7.71,
1.665,0.30000000000000004,,,,,0.0,
4.9534838,5.28,,,,,5.86,
1.924805,0.265,,,,,0.0,
6.744671,8.434999999999999,,,,,8.47,
2.430399,2.935,,,,,0.0,
6.419673,7.155,,,,,7.17,
2.2449999,2.12,,,,,0.0,
4.4619379,5.7250000000000005,,,,,5.79,
1.845846,0.46499999999999997,,,,,0.0,
4.41602,5.930000000000001,,,,,6.2,
1.941522,0.16,,,,,0.0,
4.585266,5.44165625,,,,,5.44,
1.5549999,0.525,,,,,0.0,
4.6692698,5.628322916666667,,,,,5.62,
2.09558,0.915,,,,,0.0,
6.54392,8.076666666666666,,,,,8.07,
1.877041,1.51,,,,,0.0,
5.870511,6.475020833333334,,,,,6.47,
1.8049255,0.0,,,,,0.0,
3.3589433,4.335,,,,,4.36,
1.24904,0.375,,,,,0.0,
3.2489,4.380000000000001,,,,,4.4,
2.571184,0.11499999999999999,,,,,0.0,
4.484828,5.33,,,,,5.37,
1.985,0.515,,,,,0.0,
6.785,7.585,,,,,7.890000000000001,
1.630906,0.11499999999999999,,,,,0.0,
8.666423,9.65,,,,,10.040000000000001,
2.250848,0.0,,,,,0.0,
8.526029,8.709999999999999,,,,,9.17,
2.4100001,0.32999999999999996,,,,,0.0,
4.4358479,7.845000000000001,,,,,8.52,
1.378301,0.075,,,,,0.0,
3.746485,4.91,,,,,5.04,
2.054636,0.08,,,,,0.0,
4.410298,5.340000000000001,,,,,5.57,
1.5549999,0.5599999999999999,,,,,0.0,
4.0089718,5.005000000000001,,,,,5.12,
1.980006,0.66,,,,,0.0,
5.717007,7.23,,,,,7.24,
1.709334,0.66,,,,,0.0,
5.383486,5.973333333333334,,,,,5.97,
1.16,0.07,,,,,0.0,
2.6617308,3.2849999999999997,,,,,3.39,
1.558156,0.36,,,,,0.0,
3.47401,4.5,,,,,4.53,
1.702914,0.21,,,,,0.0,
3.704918,4.77165625,,,,,4.7700000000000005,
1.235,0.6849999999999999,,,,,0.0,
6.2660307,8.093333333333334,,,,,8.09,
1.555471,0.32999999999999996,,,,,0.0,
6.637326,7.680000000000001,,,,,7.91,
2.653937,0.075,,,,,0.0,
7.098866,8.043333333333333,,,,,8.040000000000001,
1.855,0.28,,,,,0.0,
4.7364376,5.928322916666667,,,,,5.92,
1.646774,0.36,,,,,0.0,
4.486674,5.3950000000000005,,,,,5.8,
2.217717,0.065,,,,,0.0,
4.739892,5.275,,,,,5.47,
1.905122,0.15,,,,,0.0,
12.940064,14.075,,,,,14.450000000000001,
1.434545,0.485,,,,,0.0,
10.496145,12.135,,,,,12.35,
1.909675,0.275,,,,,0.0,
12.058234,13.216666666666667,,,,,13.21,
2.8900001,0.0,,,,,0.0,
7.4914261,7.23,,,,,8.49,
1.7161,0.0,,,,,0.0,
8.001619,8.005,,,,,9.27,
2.150971,0.14,,,,,0.0,
8.366841,8.959999999999999,,,,,9.01,
1.47,0.605,,,,,0.0,
3.4005762,4.285,,,,,4.29,
1.04263,0.1,,,,,0.0,
3.507029,4.5,,,,,4.64,
1.786823,0.255,,,,,0.0,
4.233914,5.03,,,,,5.03,
1.23,0.345,,,,,0.0,
3.9318122,4.69,,,,,4.73,
1.514144,0.0,,,,,0.0,
5.324775,6.365,,,,,6.8100000000000005,
2.04402,1.48,,,,,0.0,
5.678892,6.475020833333334,,,,,6.47,
2.1600001,0.26,,,,,0.0,
5.2937635,5.96165625,,,,,5.96,
1.934357,1.02,,,,,0.0,
6.50858,7.635000000000001,,,,,7.7700000000000005,
2.237508,0.0,,,,,0.0,
6.517311,7.243333333333333,,,,,7.24,
1.5599999,0.225,,,,,0.0,
4.2076996,5.45,,,,,5.66,
1.97551,0.04000000000000001,,,,,0.0,
5.165511,6.195,,,,,6.47,
2.20839,1.74,,,,,0.0,
5.449607,7.008322916666667,,,,,7.0,
2.1600001,2.595,,,,,0.0,
6.0220619,6.928322916666667,,,,,6.92,
1.722569,0.08,,,,,0.0,
6.608707,8.376666666666667,,,,,8.370000000000001,
2.197124,0.07,,,,,0.0,
7.173222,7.81,,,,,7.8100000000000005,
1.795,3.245,,,,,0.0,
5.4500257,6.528322916666666,,,,,6.5200000000000005,
1.898612,0.9750000000000001,,,,,0.0,
7.542857,8.655,,,,,9.41,
2.091008,0.26,,,,,0.0,
7.247085,7.78,,,,,7.8100000000000005,
1.485,1.03,,,,,0.0,
5.0670029,5.590000000000001,,,,,6.12,
2.100697,0.14,,,,,0.0,
7.38322,8.684999999999999,,,,,8.71,
1.562096,0.11499999999999999,,,,,0.0,
6.395004,6.53,,,,,7.04,
1.0383248,0.91,,,,,0.0,
5.3792497,5.930000000000001,,,,,6.22,
1.346939,0.29500000000000004,,,,,0.0,
8.153138,9.475,,,,,9.61,
1.938087,0.04000000000000001,,,,,0.0,
7.698178,8.378322916666667,,,,,8.370000000000001,
1.21,0.035,,,,,0.0,
7.1028523,7.575,,,,,8.02,
2.267443,0.1,,,,,0.0,
12.128909,13.35165625,,,,,13.35,
2.666789,0.0,,,,,0.0,
11.171746,11.57,,,,,11.91,
1.005,0.075,,,,,0.0,
3.8563178,4.63,,,,,4.63,
1.575919,0.0,,,,,0.0,
5.861678,7.175000000000001,,,,,7.17,
1.450062,0.635,,,,,0.0,
5.331368,5.96,,,,,6.140000000000001,
1.5650001,0.44999999999999996,,,,,0.0,
3.7611172,4.390000000000001,,,,,4.46,
1.899578,1.26,,,,,0.0,
4.880666,6.260000000000001,,,,,6.4,
1.752656,0.44500000000000006,,,,,0.0,
4.668374,5.44,,,,,5.44,
0.955,0.825,,,,,0.0,
4.03867,4.8966666666666665,,,,,4.89,
1.341763,1.495,,,,,0.0,
5.489936,6.74165625,,,,,6.74,
1.834697,0.015,,,,,0.0,
5.917774,6.608322916666666,,,,,6.6000000000000005,
1.33,0.35,,,,,0.0,
3.465,4.32,,,,,4.39,
1.585231,0.905,,,,,0.0,
4.396239,5.94,,,,,5.94,
1.91805,0.07,,,,,0.0,
4.842163,5.675020833333333,,,,,5.67,
1.6125,0.23,,,,,0.0,
6.7570215,8.126666666666667,,,,,8.120000000000001,
2.166557,0.88,,,,,0.0,
9.849325,10.94,,,,,11.14,
1.781273,0.0,,,,,0.0,
8.517956,8.775,,,,,9.31,
1.21,0.095,,,,,0.0,
4.3928273,5.15,,,,,5.22,
1.688139,0.12,,,,,0.0,
6.419681,6.19,,,,,7.84,
2.703099,0.11499999999999999,,,,,0.0,
6.866614,7.61,,,,,7.61,
1.325,0.405,,,,,0.0,
3.478291,4.2700000000000005,,,,,4.46,
1.455986,1.965,,,,,0.0,
4.793913,6.408322916666667,,,,,6.4,
2.632169,0.28,,,,,0.0,
5.471629,6.140000000000001,,,,,6.24,
2.405,0.035,,,,,0.0,
5.3911845,6.515000000000001,,,,,6.5200000000000005,
1.345757,3.055,,,,,0.0,
5.584,6.555000000000001,,,,,7.17,
2.128847,0.185,,,,,0.0,
5.995805,6.37,,,,,6.67,
1.225,2.4800000000000004,,,,,0.0,
5.515,6.130000000000001,,,,,6.86,
1.532726,0.08,,,,,0.0,
7.368609,6.275,,,,,8.97,
2.105728,0.83,,,,,0.0,
7.846504,7.745,,,,,8.41,
1.59,0.0,,,,,0.0,
5.4747279,6.628322916666667,,,,,6.62,
1.863428,1.56,,,,,0.0,
7.482097,9.01165625,,,,,9.01,
1.959022,0.66,,,,,0.0,
7.04898,7.543333333333333,,,,,7.54,
1.425,0.46499999999999997,,,,,0.0,
5.7456193,6.895020833333334,,,,,6.890000000000001,
2.371233,0.25,,,,,0.0,
9.031921,10.535,,,,,10.540000000000001,
1.999042,0.475,,,,,0.0,
7.695618,7.890000000000001,,,,,8.24,
1.24,0.0,,,,,0.0,
4.5918326,5.515000000000001,,,,,5.5600000000000005,
1.483377,0.77,,,,,0.0,
7.126127,7.7250000000000005,,,,,8.24,
1.980499,0.46499999999999997,,,,,0.0,
6.646763,6.275,,,,,7.17,
1.985,0.355,,,,,0.0,
5.349274,6.205,,,,,6.22,
1.908107,0.2,,,,,0.0,
6.68146,7.945020833333333,,,,,7.94,
2.294827,0.17,,,,,0.0,
6.688998,7.215000000000001,,,,,7.37,
1.99,0.17,,,,,0.0,
5.5208016,6.628322916666667,,,,,6.62,
1.775572,0.035,,,,,0.0,
6.821658,8.375,,,,,8.370000000000001,
2.399546,0.05500000000000001,,,,,0.0,
7.328297,7.82,,,,,7.91,
1.355,0.57,,,,,0.0,
4.3939375,5.390000000000001,,,,,5.39,
1.689213,0.27,,,,,0.0,
6.067562,7.41,,,,,7.41,
2.249869,0.0,,,,,0.0,
5.968427,6.508322916666667,,,,,6.5,
1.56,0.775,,,,,0.0,
5.4233806,6.328322916666667,,,,,6.32,
1.95286,0.19,,,,,0.0,
7.652482,8.02,,,,,8.67,
1.924878,3.0200000000000005,,,,,0.0,
7.024036,6.315,,,,,7.71,
1.655,0.32499999999999996,,,,,0.0,
5.1766362,6.095000000000001,,,,,6.12,
1.705265,0.0,,,,,0.0,
6.850186,8.344999999999999,,,,,8.44,
2.151179,0.05500000000000001,,,,,0.0,
6.848529,7.2250000000000005,,,,,7.34,
1.97,0.0,,,,,0.0,
7.9924088,8.455,,,,,8.76,
2.289569,0.28,,,,,0.0,
12.122449,13.618322916666667,,,,,13.61,
2.099913,1.21,,,,,0.0,
10.654005,11.245,,,,,11.24,
1.88,0.20500000000000002,,,,,0.0,
3.3869761,4.263333333333334,,,,,4.26,
1.671202,0.31000000000000005,,,,,0.0,
3.801361,5.14,,,,,5.14,
2.290021,0.19,,,,,0.0,
4.207695,4.773333333333333,,,,,4.7700000000000005,
2.4200001,0.17500000000000002,,,,,0.0,
6.6088084,7.36,,,,,7.36,
1.454875,0.33499999999999996,,,,,0.0,
8.098526,8.87,,,,,9.41,
1.896004,0.22,,,,,0.0,
7.595761,7.075,,,,,8.11,
2.2149999,0.14500000000000002,,,,,0.0,
6.478081,6.28,,,,,7.79,
1.521484,0.14,,,,,0.0,
7.535543,8.73,,,,,8.98,
1.967184,0.165,,,,,0.0,
7.444636,8.143333333333333,,,,,8.14,
1.59,0.1,,,,,0.0,
3.7741622,4.663333333333333,,,,,4.66,
1.945484,0.505,,,,,0.0,
4.806201,5.340000000000001,,,,,6.2,
2.501998,0.4,,,,,0.0,
5.430199,5.585,,,,,5.94,
1.625,1.545,,,,,0.0,
5.8344362,6.265000000000001,,,,,6.69,
1.731066,0.25,,,,,0.0,
7.727535,9.08,,,,,9.08,
1.908073,0.47,,,,,0.0,
7.399307,7.878322916666667,,,,,7.87,
1.3,0.035,,,,,0.0,
6.1400218,7.128322916666667,,,,,7.12,
2.559184,0.365,,,,,0.0,
9.80771,10.985,,,,,11.38,
1.83709,0.73,,,,,0.0,
8.111565,8.744989583333334,,,,,8.74,
1.3525,0.72,,,,,0.0,
4.0988989,4.996666666666667,,,,,4.99,
2.121898,0.33999999999999997,,,,,0.0,
6.550113,7.71,,,,,7.7700000000000005,
2.417089,0.11499999999999999,,,,,0.0,
6.080787,6.84165625,,,,,6.84,
